order_id,date,category,region,payment_method,unit_price,quantity,discount,revenue,customer_id,month,month_name,is_returned
ORD1000,2024-01-01,Clothing,East,COD,311,3,0.05,886.35,CUST272,1,Jan,0
ORD1001,2024-01-01,Sports,East,UPI,1841,3,0.0,5523.0,CUST178,1,Jan,0
ORD1002,2024-01-01,Home & Kitchen,South,Credit Card,4163,1,0.0,4163.0,CUST209,1,Jan,0
ORD1003,2024-01-02,Home & Kitchen,North,UPI,715,4,0.0,2860.0,CUST316,1,Jan,0
ORD1004,2024-01-02,Electronics,East,Credit Card,5338,4,0.0,21352.0,CUST205,1,Jan,1
ORD1005,2024-01-02,Electronics,North,Credit Card,10895,3,0.2,26148.0,CUST146,1,Jan,0
ORD1006,2024-01-03,Electronics,North,COD,17254,1,0.05,16391.3,CUST280,1,Jan,0
ORD1007,2024-01-03,Sports,North,UPI,3208,2,0.1,5774.4,CUST163,1,Jan,0
ORD1008,2024-01-03,Home & Kitchen,South,Credit Card,3652,2,0.1,6573.6,CUST345,1,Jan,0
ORD1009,2024-01-04,Home & Kitchen,North,Debit Card,2250,4,0.1,8100.0,CUST343,1,Jan,0
ORD1010,2024-01-04,Electronics,East,UPI,7421,2,0.0,14842.0,CUST186,1,Jan,0
ORD1011,2024-01-05,Sports,North,UPI,7619,4,0.0,30476.0,CUST316,1,Jan,0
ORD1012,2024-01-05,Books,East,UPI,299,4,0.1,1076.4,CUST106,1,Jan,0
ORD1013,2024-01-05,Electronics,North,COD,20896,4,0.2,66867.2,CUST377,1,Jan,0
ORD1014,2024-01-06,Electronics,East,Debit Card,16918,2,0.0,33836.0,CUST309,1,Jan,0
ORD1015,2024-01-06,Electronics,East,UPI,30064,4,0.0,120256.0,CUST268,1,Jan,0
ORD1016,2024-01-06,Clothing,North,Credit Card,1861,3,0.05,5303.85,CUST237,1,Jan,0
ORD1017,2024-01-07,Clothing,North,Credit Card,346,1,0.2,276.8,CUST329,1,Jan,1
ORD1018,2024-01-07,Clothing,East,COD,1077,1,0.0,1077.0,CUST260,1,Jan,0
ORD1019,2024-01-07,Clothing,West,Credit Card,1339,4,0.05,5088.2,CUST100,1,Jan,0
ORD1020,2024-01-08,Home & Kitchen,South,UPI,5306,1,0.15,4510.1,CUST335,1,Jan,0
ORD1021,2024-01-08,Electronics,West,Credit Card,46360,2,0.0,92720.0,CUST287,1,Jan,0
ORD1022,2024-01-09,Clothing,West,UPI,2117,2,0.0,4234.0,CUST103,1,Jan,0
ORD1023,2024-01-09,Clothing,North,Credit Card,549,1,0.1,494.1,CUST231,1,Jan,0
ORD1024,2024-01-09,Clothing,South,Debit Card,690,2,0.2,1104.0,CUST317,1,Jan,0
ORD1025,2024-01-10,Books,West,COD,434,1,0.0,434.0,CUST359,1,Jan,0
ORD1026,2024-01-10,Electronics,North,COD,13820,1,0.05,13129.0,CUST100,1,Jan,0
ORD1027,2024-01-10,Clothing,West,Debit Card,436,1,0.05,414.2,CUST170,1,Jan,0
ORD1028,2024-01-11,Home & Kitchen,West,Debit Card,3430,4,0.05,13034.0,CUST277,1,Jan,0
ORD1029,2024-01-11,Electronics,North,COD,20023,1,0.1,18020.7,CUST288,1,Jan,0
ORD1030,2024-01-11,Home & Kitchen,North,Debit Card,2021,4,0.05,7679.8,CUST390,1,Jan,0
ORD1031,2024-01-12,Electronics,North,UPI,46786,1,0.05,44446.7,CUST107,1,Jan,0
ORD1032,2024-01-12,Electronics,South,Credit Card,34398,1,0.05,32678.1,CUST352,1,Jan,0
ORD1033,2024-01-13,Sports,West,COD,2000,1,0.05,1900.0,CUST391,1,Jan,0
ORD1034,2024-01-13,Sports,North,Debit Card,7237,2,0.05,13750.3,CUST343,1,Jan,0
ORD1035,2024-01-13,Books,East,UPI,322,4,0.15,1094.8,CUST222,1,Jan,0
ORD1036,2024-01-14,Clothing,West,COD,1289,4,0.0,5156.0,CUST398,1,Jan,0
ORD1037,2024-01-14,Electronics,East,Debit Card,30510,1,0.15,25933.5,CUST382,1,Jan,0
ORD1038,2024-01-14,Home & Kitchen,South,COD,3542,1,0.15,3010.7,CUST131,1,Jan,0
ORD1039,2024-01-15,Clothing,North,Debit Card,701,2,0.0,1402.0,CUST245,1,Jan,0
ORD1040,2024-01-15,Electronics,East,COD,22850,2,0.05,43415.0,CUST255,1,Jan,0
ORD1041,2024-01-15,Clothing,South,UPI,914,2,0.05,1736.6,CUST115,1,Jan,0
ORD1042,2024-01-16,Electronics,North,UPI,26776,4,0.0,107104.0,CUST146,1,Jan,0
ORD1043,2024-01-16,Sports,East,Credit Card,8193,4,0.0,32772.0,CUST350,1,Jan,0
ORD1044,2024-01-17,Clothing,East,COD,1482,4,0.0,5928.0,CUST286,1,Jan,0
ORD1045,2024-01-17,Home & Kitchen,South,Credit Card,3723,1,0.0,3723.0,CUST130,1,Jan,0
ORD1046,2024-01-17,Clothing,North,COD,2967,4,0.15,10087.8,CUST359,1,Jan,0
ORD1047,2024-01-18,Clothing,North,Debit Card,2535,3,0.0,7605.0,CUST116,1,Jan,0
ORD1048,2024-01-18,Clothing,East,Debit Card,1421,3,0.15,3623.55,CUST138,1,Jan,0
ORD1049,2024-01-18,Electronics,East,Credit Card,21514,2,0.05,40876.6,CUST138,1,Jan,0
ORD1050,2024-01-19,Sports,East,COD,3483,4,0.15,11842.2,CUST231,1,Jan,0
ORD1051,2024-01-19,Books,North,Credit Card,282,3,0.05,803.7,CUST129,1,Jan,0
ORD1052,2024-01-19,Sports,South,UPI,7626,2,0.0,15252.0,CUST257,1,Jan,0
ORD1053,2024-01-20,Sports,South,Credit Card,8730,4,0.1,31428.0,CUST377,1,Jan,0
ORD1054,2024-01-20,Home & Kitchen,North,Credit Card,4459,1,0.0,4459.0,CUST302,1,Jan,0
ORD1055,2024-01-21,Sports,West,Debit Card,7140,3,0.05,20349.0,CUST165,1,Jan,0
ORD1056,2024-01-21,Electronics,South,Credit Card,49547,1,0.2,39637.6,CUST207,1,Jan,0
ORD1057,2024-01-21,Electronics,East,COD,20317,4,0.0,81268.0,CUST367,1,Jan,0
ORD1058,2024-01-22,Electronics,West,Debit Card,12564,3,0.0,37692.0,CUST321,1,Jan,0
ORD1059,2024-01-22,Clothing,West,Credit Card,315,4,0.1,1134.0,CUST391,1,Jan,0
ORD1060,2024-01-22,Clothing,South,UPI,792,1,0.15,673.2,CUST117,1,Jan,0
ORD1061,2024-01-23,Clothing,West,Credit Card,1749,3,0.1,4722.3,CUST189,1,Jan,0
ORD1062,2024-01-23,Books,West,Credit Card,207,1,0.0,207.0,CUST280,1,Jan,0
ORD1063,2024-01-24,Clothing,South,Credit Card,610,4,0.1,2196.0,CUST354,1,Jan,0
ORD1064,2024-01-24,Clothing,South,Debit Card,1038,4,0.0,4152.0,CUST352,1,Jan,0
ORD1065,2024-01-24,Clothing,West,COD,845,1,0.1,760.5,CUST356,1,Jan,0
ORD1066,2024-01-25,Electronics,East,UPI,42114,3,0.2,101073.6,CUST186,1,Jan,0
ORD1067,2024-01-25,Books,North,Credit Card,240,1,0.1,216.0,CUST189,1,Jan,0
ORD1068,2024-01-25,Electronics,West,COD,34969,4,0.15,118894.6,CUST336,1,Jan,0
ORD1069,2024-01-26,Sports,West,COD,4310,1,0.0,4310.0,CUST169,1,Jan,1
ORD1070,2024-01-26,Books,East,Debit Card,138,4,0.1,496.8,CUST143,1,Jan,1
ORD1071,2024-01-26,Electronics,West,UPI,46773,1,0.15,39757.05,CUST299,1,Jan,0
ORD1072,2024-01-27,Electronics,West,Debit Card,21371,3,0.0,64113.0,CUST251,1,Jan,0
ORD1073,2024-01-27,Books,North,COD,128,3,0.15,326.4,CUST185,1,Jan,0
ORD1074,2024-01-28,Home & Kitchen,North,COD,5553,1,0.0,5553.0,CUST118,1,Jan,0
ORD1075,2024-01-28,Home & Kitchen,North,COD,2532,1,0.1,2278.8,CUST200,1,Jan,0
ORD1076,2024-01-28,Books,South,Debit Card,576,3,0.15,1468.8,CUST194,1,Jan,1
ORD1077,2024-01-29,Electronics,South,UPI,13436,4,0.1,48369.6,CUST353,1,Jan,0
ORD1078,2024-01-29,Clothing,North,Credit Card,1047,3,0.0,3141.0,CUST129,1,Jan,1
ORD1079,2024-01-29,Electronics,North,Debit Card,17984,4,0.05,68339.2,CUST348,1,Jan,0
ORD1080,2024-01-30,Sports,South,COD,771,1,0.05,732.45,CUST132,1,Jan,0
ORD1081,2024-01-30,Home & Kitchen,East,Debit Card,4011,1,0.2,3208.8,CUST328,1,Jan,0
ORD1082,2024-01-30,Clothing,West,COD,2071,4,0.05,7869.8,CUST111,1,Jan,0
ORD1083,2024-01-31,Electronics,West,Credit Card,15616,1,0.0,15616.0,CUST217,1,Jan,0
ORD1084,2024-01-31,Clothing,North,Credit Card,565,4,0.1,2034.0,CUST254,1,Jan,0
ORD1085,2024-02-01,Clothing,East,UPI,1220,2,0.05,2318.0,CUST345,2,Feb,0
ORD1086,2024-02-01,Home & Kitchen,South,COD,3930,3,0.1,10611.0,CUST346,2,Feb,0
ORD1087,2024-02-01,Home & Kitchen,North,UPI,4935,2,0.1,8883.0,CUST128,2,Feb,0
ORD1088,2024-02-02,Sports,East,UPI,4260,4,0.15,14484.0,CUST260,2,Feb,0
ORD1089,2024-02-02,Clothing,East,Credit Card,2350,3,0.05,6697.5,CUST334,2,Feb,0
ORD1090,2024-02-02,Electronics,East,Debit Card,49460,4,0.05,187948.0,CUST289,2,Feb,0
ORD1091,2024-02-03,Home & Kitchen,South,Debit Card,1665,3,0.0,4995.0,CUST216,2,Feb,1
ORD1092,2024-02-03,Books,South,UPI,475,3,0.0,1425.0,CUST370,2,Feb,0
ORD1093,2024-02-03,Home & Kitchen,West,Credit Card,2533,3,0.0,7599.0,CUST357,2,Feb,0
ORD1094,2024-02-04,Books,West,COD,423,3,0.0,1269.0,CUST279,2,Feb,0
ORD1095,2024-02-04,Clothing,East,Debit Card,445,4,0.1,1602.0,CUST271,2,Feb,0
ORD1096,2024-02-05,Clothing,East,UPI,2281,3,0.1,6158.7,CUST373,2,Feb,0
ORD1097,2024-02-05,Clothing,South,Debit Card,592,3,0.05,1687.2,CUST358,2,Feb,0
ORD1098,2024-02-05,Electronics,West,Debit Card,45600,2,0.15,77520.0,CUST234,2,Feb,0
ORD1099,2024-02-06,Electronics,East,COD,30280,1,0.2,24224.0,CUST270,2,Feb,0
ORD1100,2024-02-06,Electronics,West,Credit Card,29557,1,0.15,25123.45,CUST309,2,Feb,0
ORD1101,2024-02-06,Home & Kitchen,West,COD,6594,2,0.1,11869.2,CUST335,2,Feb,1
ORD1102,2024-02-07,Clothing,East,Credit Card,2932,2,0.05,5570.8,CUST285,2,Feb,1
ORD1103,2024-02-07,Clothing,South,Debit Card,698,4,0.05,2652.4,CUST194,2,Feb,0
ORD1104,2024-02-07,Sports,East,UPI,8556,4,0.0,34224.0,CUST110,2,Feb,0
ORD1105,2024-02-08,Electronics,East,COD,28895,4,0.0,115580.0,CUST167,2,Feb,0
ORD1106,2024-02-08,Clothing,West,Credit Card,1263,2,0.2,2020.8,CUST309,2,Feb,0
ORD1107,2024-02-09,Books,East,Debit Card,239,2,0.15,406.3,CUST295,2,Feb,0
ORD1108,2024-02-09,Electronics,South,Credit Card,48194,3,0.0,144582.0,CUST197,2,Feb,0
ORD1109,2024-02-09,Electronics,East,Credit Card,48001,4,0.05,182403.8,CUST192,2,Feb,1
ORD1110,2024-02-10,Clothing,South,Credit Card,2128,4,0.15,7235.2,CUST121,2,Feb,0
ORD1111,2024-02-10,Electronics,South,Debit Card,46898,4,0.0,187592.0,CUST271,2,Feb,0
ORD1112,2024-02-10,Sports,West,UPI,5305,1,0.0,5305.0,CUST233,2,Feb,0
ORD1113,2024-02-11,Books,North,UPI,539,3,0.15,1374.45,CUST124,2,Feb,0
ORD1114,2024-02-11,Home & Kitchen,North,UPI,7986,4,0.05,30346.8,CUST284,2,Feb,0
ORD1115,2024-02-12,Sports,West,Credit Card,8702,4,0.0,34808.0,CUST184,2,Feb,0
ORD1116,2024-02-12,Books,East,Debit Card,161,4,0.05,611.8,CUST154,2,Feb,0
ORD1117,2024-02-12,Electronics,West,Credit Card,39636,1,0.15,33690.6,CUST350,2,Feb,0
ORD1118,2024-02-13,Sports,South,UPI,8378,1,0.05,7959.1,CUST243,2,Feb,0
ORD1119,2024-02-13,Clothing,North,UPI,2911,2,0.0,5822.0,CUST266,2,Feb,0
ORD1120,2024-02-13,Books,West,Debit Card,670,3,0.0,2010.0,CUST323,2,Feb,0
ORD1121,2024-02-14,Sports,East,Credit Card,8327,2,0.05,15821.3,CUST319,2,Feb,0
ORD1122,2024-02-14,Clothing,West,COD,1633,3,0.05,4654.05,CUST278,2,Feb,0
ORD1123,2024-02-14,Electronics,North,COD,46844,1,0.1,42159.6,CUST218,2,Feb,0
ORD1124,2024-02-15,Electronics,West,UPI,41332,4,0.0,165328.0,CUST364,2,Feb,0
ORD1125,2024-02-15,Clothing,West,Debit Card,1689,2,0.15,2871.3,CUST249,2,Feb,0
ORD1126,2024-02-16,Books,North,Credit Card,429,4,0.0,1716.0,CUST314,2,Feb,0
ORD1127,2024-02-16,Sports,South,Credit Card,7774,2,0.0,15548.0,CUST296,2,Feb,1
ORD1128,2024-02-16,Electronics,South,UPI,22320,1,0.0,22320.0,CUST141,2,Feb,0
ORD1129,2024-02-17,Clothing,North,UPI,2853,1,0.0,2853.0,CUST152,2,Feb,0
ORD1130,2024-02-17,Clothing,West,Credit Card,2606,1,0.05,2475.7,CUST350,2,Feb,0
ORD1131,2024-02-17,Electronics,North,Credit Card,19199,2,0.05,36478.1,CUST394,2,Feb,0
ORD1132,2024-02-18,Electronics,South,UPI,20876,3,0.0,62628.0,CUST370,2,Feb,0
ORD1133,2024-02-18,Clothing,East,Credit Card,2096,2,0.1,3772.8,CUST222,2,Feb,1
ORD1134,2024-02-18,Sports,West,COD,8745,3,0.0,26235.0,CUST365,2,Feb,0
ORD1135,2024-02-19,Clothing,South,UPI,1026,2,0.1,1846.8,CUST128,2,Feb,0
ORD1136,2024-02-19,Clothing,West,Credit Card,1844,2,0.2,2950.4,CUST134,2,Feb,0
ORD1137,2024-02-20,Home & Kitchen,North,UPI,3670,1,0.0,3670.0,CUST105,2,Feb,0
ORD1138,2024-02-20,Clothing,East,Debit Card,1343,4,0.05,5103.4,CUST210,2,Feb,0
ORD1139,2024-02-20,Sports,North,UPI,2413,4,0.0,9652.0,CUST393,2,Feb,0
ORD1140,2024-02-21,Sports,East,UPI,8157,3,0.0,24471.0,CUST176,2,Feb,0
ORD1141,2024-02-21,Clothing,West,Debit Card,2766,4,0.0,11064.0,CUST246,2,Feb,0
ORD1142,2024-02-21,Clothing,West,COD,1149,2,0.1,2068.2,CUST166,2,Feb,0
ORD1143,2024-02-22,Clothing,North,Credit Card,2409,2,0.05,4577.1,CUST107,2,Feb,0
ORD1144,2024-02-22,Clothing,East,Debit Card,2563,1,0.0,2563.0,CUST221,2,Feb,1
ORD1145,2024-02-22,Electronics,East,UPI,29578,1,0.15,25141.3,CUST274,2,Feb,0
ORD1146,2024-02-23,Home & Kitchen,West,Credit Card,4755,4,0.05,18069.0,CUST278,2,Feb,0
ORD1147,2024-02-23,Clothing,North,Debit Card,1080,3,0.15,2754.0,CUST184,2,Feb,0
ORD1148,2024-02-24,Electronics,East,Credit Card,12287,4,0.05,46690.6,CUST144,2,Feb,0
ORD1149,2024-02-24,Clothing,West,Credit Card,1192,4,0.05,4529.6,CUST235,2,Feb,0
ORD1150,2024-02-24,Sports,South,Debit Card,5175,4,0.0,20700.0,CUST115,2,Feb,0
ORD1151,2024-02-25,Electronics,North,Credit Card,39701,4,0.0,158804.0,CUST294,2,Feb,0
ORD1152,2024-02-25,Electronics,South,COD,22764,2,0.2,36422.4,CUST108,2,Feb,0
ORD1153,2024-02-25,Clothing,North,Debit Card,1590,3,0.0,4770.0,CUST114,2,Feb,0
ORD1154,2024-02-26,Sports,West,COD,2140,2,0.2,3424.0,CUST201,2,Feb,0
ORD1155,2024-02-26,Electronics,East,UPI,28874,3,0.05,82290.9,CUST325,2,Feb,0
ORD1156,2024-02-26,Home & Kitchen,East,Credit Card,3182,1,0.0,3182.0,CUST377,2,Feb,0
ORD1157,2024-02-27,Books,East,UPI,640,4,0.0,2560.0,CUST212,2,Feb,1
ORD1158,2024-02-27,Electronics,North,UPI,22602,2,0.0,45204.0,CUST100,2,Feb,0
ORD1159,2024-02-28,Home & Kitchen,West,Credit Card,5516,3,0.2,13238.4,CUST365,2,Feb,0
ORD1160,2024-02-28,Clothing,South,Debit Card,1655,1,0.05,1572.25,CUST307,2,Feb,0
ORD1161,2024-02-28,Home & Kitchen,West,Credit Card,4765,1,0.0,4765.0,CUST209,2,Feb,0
ORD1162,2024-02-29,Home & Kitchen,South,UPI,5116,4,0.0,20464.0,CUST299,2,Feb,0
ORD1163,2024-02-29,Clothing,North,UPI,1786,3,0.0,5358.0,CUST111,2,Feb,1
ORD1164,2024-02-29,Electronics,North,Debit Card,47520,2,0.05,90288.0,CUST287,2,Feb,0
ORD1165,2024-03-01,Books,South,Credit Card,360,4,0.0,1440.0,CUST253,3,Mar,0
ORD1166,2024-03-01,Clothing,South,UPI,1718,2,0.15,2920.6,CUST378,3,Mar,0
ORD1167,2024-03-02,Electronics,South,COD,20585,1,0.0,20585.0,CUST270,3,Mar,0
ORD1168,2024-03-02,Electronics,West,UPI,30559,2,0.0,61118.0,CUST233,3,Mar,0
ORD1169,2024-03-02,Home & Kitchen,South,UPI,7791,2,0.05,14802.9,CUST124,3,Mar,0
ORD1170,2024-03-03,Home & Kitchen,North,Debit Card,1474,4,0.05,5601.2,CUST117,3,Mar,0
ORD1171,2024-03-03,Electronics,North,COD,9133,2,0.2,14612.8,CUST289,3,Mar,0
ORD1172,2024-03-03,Clothing,East,UPI,2675,4,0.05,10165.0,CUST240,3,Mar,0
ORD1173,2024-03-04,Electronics,South,UPI,26754,1,0.0,26754.0,CUST142,3,Mar,0
ORD1174,2024-03-04,Home & Kitchen,West,COD,4472,4,0.1,16099.2,CUST383,3,Mar,0
ORD1175,2024-03-04,Electronics,West,Credit Card,10295,4,0.0,41180.0,CUST245,3,Mar,0
ORD1176,2024-03-05,Home & Kitchen,West,Credit Card,6221,3,0.0,18663.0,CUST191,3,Mar,0
ORD1177,2024-03-05,Clothing,East,UPI,1213,2,0.2,1940.8,CUST278,3,Mar,0
ORD1178,2024-03-06,Sports,North,UPI,8728,1,0.1,7855.2,CUST155,3,Mar,0
ORD1179,2024-03-06,Electronics,West,Credit Card,14903,4,0.2,47689.6,CUST254,3,Mar,0
ORD1180,2024-03-06,Clothing,North,Debit Card,1095,1,0.05,1040.25,CUST259,3,Mar,0
ORD1181,2024-03-07,Electronics,East,COD,25420,3,0.05,72447.0,CUST210,3,Mar,0
ORD1182,2024-03-07,Sports,South,COD,5568,2,0.0,11136.0,CUST236,3,Mar,1
ORD1183,2024-03-07,Sports,South,Debit Card,5733,4,0.0,22932.0,CUST331,3,Mar,0
ORD1184,2024-03-08,Clothing,South,Debit Card,1624,2,0.15,2760.8,CUST319,3,Mar,0
ORD1185,2024-03-08,Home & Kitchen,West,Debit Card,6867,3,0.0,20601.0,CUST167,3,Mar,0
ORD1186,2024-03-08,Books,South,Debit Card,417,3,0.15,1063.35,CUST348,3,Mar,0
ORD1187,2024-03-09,Home & Kitchen,West,Debit Card,2896,1,0.1,2606.4,CUST105,3,Mar,0
ORD1188,2024-03-09,Clothing,East,Debit Card,2462,4,0.0,9848.0,CUST379,3,Mar,0
ORD1189,2024-03-10,Electronics,East,COD,24129,1,0.05,22922.55,CUST193,3,Mar,0
ORD1190,2024-03-10,Electronics,West,Debit Card,6591,3,0.1,17795.7,CUST368,3,Mar,0
ORD1191,2024-03-10,Sports,North,Credit Card,6683,2,0.0,13366.0,CUST296,3,Mar,0
ORD1192,2024-03-11,Sports,South,Debit Card,4430,1,0.15,3765.5,CUST124,3,Mar,0
ORD1193,2024-03-11,Home & Kitchen,South,Debit Card,2496,1,0.05,2371.2,CUST247,3,Mar,0
ORD1194,2024-03-11,Clothing,South,COD,2072,2,0.0,4144.0,CUST217,3,Mar,0
ORD1195,2024-03-12,Clothing,West,COD,1612,1,0.05,1531.4,CUST165,3,Mar,0
ORD1196,2024-03-12,Home & Kitchen,East,Debit Card,1785,2,0.2,2856.0,CUST274,3,Mar,0
ORD1197,2024-03-12,Sports,South,COD,4811,4,0.0,19244.0,CUST175,3,Mar,0
ORD1198,2024-03-13,Sports,East,UPI,7814,2,0.15,13283.8,CUST213,3,Mar,1
ORD1199,2024-03-13,Books,South,COD,435,4,0.0,1740.0,CUST210,3,Mar,0
ORD1200,2024-03-14,Home & Kitchen,South,COD,3739,2,0.1,6730.2,CUST348,3,Mar,0
ORD1201,2024-03-14,Electronics,West,COD,7139,3,0.1,19275.3,CUST302,3,Mar,0
ORD1202,2024-03-14,Electronics,North,COD,36290,3,0.0,108870.0,CUST246,3,Mar,0
ORD1203,2024-03-15,Sports,West,Credit Card,2204,4,0.0,8816.0,CUST134,3,Mar,0
ORD1204,2024-03-15,Home & Kitchen,South,Credit Card,7424,4,0.1,26726.4,CUST125,3,Mar,0
ORD1205,2024-03-15,Electronics,South,Credit Card,38130,3,0.05,108670.5,CUST337,3,Mar,0
ORD1206,2024-03-16,Electronics,North,Debit Card,37088,4,0.1,133516.8,CUST113,3,Mar,1
ORD1207,2024-03-16,Home & Kitchen,East,Debit Card,2216,2,0.0,4432.0,CUST144,3,Mar,0
ORD1208,2024-03-16,Electronics,East,UPI,25670,2,0.15,43639.0,CUST315,3,Mar,0
ORD1209,2024-03-17,Electronics,South,Credit Card,8738,3,0.1,23592.6,CUST332,3,Mar,0
ORD1210,2024-03-17,Clothing,East,Debit Card,2769,1,0.2,2215.2,CUST292,3,Mar,0
ORD1211,2024-03-18,Home & Kitchen,South,COD,5295,2,0.0,10590.0,CUST150,3,Mar,0
ORD1212,2024-03-18,Home & Kitchen,North,COD,6650,4,0.05,25270.0,CUST313,3,Mar,0
ORD1213,2024-03-18,Electronics,North,Credit Card,14017,1,0.05,13316.15,CUST250,3,Mar,0
ORD1214,2024-03-19,Home & Kitchen,South,UPI,3308,1,0.0,3308.0,CUST374,3,Mar,1
ORD1215,2024-03-19,Electronics,North,UPI,17713,2,0.05,33654.7,CUST175,3,Mar,0
ORD1216,2024-03-19,Clothing,West,COD,2710,2,0.0,5420.0,CUST319,3,Mar,0
ORD1217,2024-03-20,Home & Kitchen,West,UPI,4008,1,0.1,3607.2,CUST286,3,Mar,0
ORD1218,2024-03-20,Home & Kitchen,North,Credit Card,4241,1,0.05,4028.95,CUST388,3,Mar,0
ORD1219,2024-03-21,Books,South,COD,650,3,0.0,1950.0,CUST127,3,Mar,0
ORD1220,2024-03-21,Home & Kitchen,South,Debit Card,4498,4,0.1,16192.8,CUST279,3,Mar,1
ORD1221,2024-03-21,Home & Kitchen,North,Debit Card,2629,3,0.05,7492.65,CUST352,3,Mar,0
ORD1222,2024-03-22,Electronics,East,UPI,23787,2,0.0,47574.0,CUST225,3,Mar,1
ORD1223,2024-03-22,Clothing,West,COD,888,3,0.2,2131.2,CUST276,3,Mar,0
ORD1224,2024-03-22,Clothing,East,COD,2312,3,0.2,5548.8,CUST136,3,Mar,0
ORD1225,2024-03-23,Electronics,South,Debit Card,31123,3,0.05,88700.55,CUST198,3,Mar,0
ORD1226,2024-03-23,Sports,South,COD,794,3,0.0,2382.0,CUST197,3,Mar,0
ORD1227,2024-03-23,Clothing,East,COD,2285,4,0.1,8226.0,CUST226,3,Mar,0
ORD1228,2024-03-24,Sports,North,COD,5843,4,0.05,22203.4,CUST267,3,Mar,0
ORD1229,2024-03-24,Home & Kitchen,East,UPI,6144,1,0.0,6144.0,CUST179,3,Mar,1
ORD1230,2024-03-25,Books,East,COD,145,2,0.05,275.5,CUST393,3,Mar,0
ORD1231,2024-03-25,Clothing,West,Credit Card,1990,3,0.05,5671.5,CUST225,3,Mar,0
ORD1232,2024-03-25,Home & Kitchen,West,UPI,1636,1,0.05,1554.2,CUST249,3,Mar,0
ORD1233,2024-03-26,Clothing,East,COD,1556,1,0.05,1478.2,CUST115,3,Mar,0
ORD1234,2024-03-26,Electronics,East,COD,39832,1,0.1,35848.8,CUST127,3,Mar,0
ORD1235,2024-03-26,Home & Kitchen,South,Credit Card,4955,4,0.2,15856.0,CUST272,3,Mar,0
ORD1236,2024-03-27,Clothing,West,UPI,999,3,0.0,2997.0,CUST145,3,Mar,0
ORD1237,2024-03-27,Electronics,West,Debit Card,42311,3,0.1,114239.7,CUST335,3,Mar,0
ORD1238,2024-03-27,Home & Kitchen,South,Debit Card,7499,2,0.15,12748.3,CUST313,3,Mar,0
ORD1239,2024-03-28,Electronics,North,UPI,6007,3,0.05,17119.95,CUST184,3,Mar,0
ORD1240,2024-03-28,Sports,West,COD,5945,3,0.05,16943.25,CUST381,3,Mar,0
ORD1241,2024-03-29,Sports,West,COD,5852,1,0.1,5266.8,CUST331,3,Mar,0
ORD1242,2024-03-29,Sports,North,Debit Card,9939,2,0.05,18884.1,CUST184,3,Mar,0
ORD1243,2024-03-29,Clothing,West,Debit Card,1293,3,0.15,3297.15,CUST164,3,Mar,0
ORD1244,2024-03-30,Electronics,West,Debit Card,6435,4,0.05,24453.0,CUST233,3,Mar,0
ORD1245,2024-03-30,Sports,North,Credit Card,1071,3,0.2,2570.4,CUST250,3,Mar,0
ORD1246,2024-03-30,Clothing,North,Debit Card,2682,1,0.0,2682.0,CUST214,3,Mar,0
ORD1247,2024-03-31,Sports,East,Credit Card,9937,4,0.0,39748.0,CUST163,3,Mar,0
ORD1248,2024-03-31,Sports,South,UPI,5584,1,0.1,5025.6,CUST257,3,Mar,0
ORD1249,2024-03-31,Sports,South,COD,777,3,0.0,2331.0,CUST176,3,Mar,1
ORD1250,2024-04-01,Clothing,North,Debit Card,1519,4,0.0,6076.0,CUST245,4,Apr,0
ORD1251,2024-04-01,Clothing,North,COD,2187,2,0.0,4374.0,CUST324,4,Apr,0
ORD1252,2024-04-02,Sports,West,COD,1765,2,0.0,3530.0,CUST202,4,Apr,0
ORD1253,2024-04-02,Clothing,East,Debit Card,1030,4,0.0,4120.0,CUST187,4,Apr,1
ORD1254,2024-04-02,Electronics,East,Debit Card,19859,4,0.2,63548.8,CUST267,4,Apr,0
ORD1255,2024-04-03,Home & Kitchen,North,UPI,1417,1,0.0,1417.0,CUST269,4,Apr,0
ORD1256,2024-04-03,Sports,West,Credit Card,8573,4,0.1,30862.8,CUST234,4,Apr,0
ORD1257,2024-04-03,Home & Kitchen,West,Credit Card,1385,1,0.1,1246.5,CUST149,4,Apr,0
ORD1258,2024-04-04,Home & Kitchen,South,COD,3252,3,0.2,7804.8,CUST233,4,Apr,0
ORD1259,2024-04-04,Electronics,South,Debit Card,25953,1,0.0,25953.0,CUST236,4,Apr,0
ORD1260,2024-04-04,Home & Kitchen,West,UPI,3691,4,0.15,12549.4,CUST344,4,Apr,0
ORD1261,2024-04-05,Sports,South,UPI,6853,4,0.05,26041.4,CUST208,4,Apr,1
ORD1262,2024-04-05,Electronics,North,UPI,7353,3,0.1,19853.1,CUST386,4,Apr,0
ORD1263,2024-04-06,Clothing,West,UPI,1003,4,0.1,3610.8,CUST120,4,Apr,0
ORD1264,2024-04-06,Sports,South,UPI,1186,4,0.15,4032.4,CUST189,4,Apr,0
ORD1265,2024-04-06,Home & Kitchen,East,Credit Card,784,2,0.0,1568.0,CUST395,4,Apr,0
ORD1266,2024-04-07,Home & Kitchen,West,Credit Card,5311,2,0.1,9559.8,CUST211,4,Apr,0
ORD1267,2024-04-07,Home & Kitchen,West,Credit Card,4247,3,0.05,12103.95,CUST176,4,Apr,0
ORD1268,2024-04-07,Clothing,East,Debit Card,1062,1,0.1,955.8,CUST276,4,Apr,0
ORD1269,2024-04-08,Clothing,North,COD,1550,2,0.2,2480.0,CUST247,4,Apr,0
ORD1270,2024-04-08,Books,East,UPI,480,1,0.0,480.0,CUST200,4,Apr,0
ORD1271,2024-04-09,Books,West,Debit Card,559,4,0.2,1788.8,CUST345,4,Apr,0
ORD1272,2024-04-09,Sports,North,UPI,5626,2,0.0,11252.0,CUST216,4,Apr,0
ORD1273,2024-04-09,Sports,South,Credit Card,8720,3,0.0,26160.0,CUST191,4,Apr,0
ORD1274,2024-04-10,Clothing,South,Debit Card,1206,3,0.0,3618.0,CUST127,4,Apr,0
ORD1275,2024-04-10,Clothing,South,Credit Card,2426,3,0.0,7278.0,CUST124,4,Apr,0
ORD1276,2024-04-10,Books,West,UPI,558,2,0.1,1004.4,CUST157,4,Apr,0
ORD1277,2024-04-11,Home & Kitchen,East,UPI,5165,1,0.0,5165.0,CUST396,4,Apr,0
ORD1278,2024-04-11,Home & Kitchen,North,COD,6602,4,0.0,26408.0,CUST233,4,Apr,0
ORD1279,2024-04-11,Books,South,UPI,637,1,0.2,509.6,CUST348,4,Apr,0
ORD1280,2024-04-12,Sports,North,Credit Card,3856,1,0.15,3277.6,CUST137,4,Apr,0
ORD1281,2024-04-12,Clothing,West,UPI,815,4,0.15,2771.0,CUST174,4,Apr,0
ORD1282,2024-04-13,Clothing,South,COD,2300,4,0.15,7820.0,CUST241,4,Apr,0
ORD1283,2024-04-13,Electronics,West,COD,28650,2,0.1,51570.0,CUST267,4,Apr,0
ORD1284,2024-04-13,Home & Kitchen,East,Credit Card,7040,2,0.0,14080.0,CUST358,4,Apr,0
ORD1285,2024-04-14,Electronics,West,Debit Card,37232,2,0.0,74464.0,CUST324,4,Apr,0
ORD1286,2024-04-14,Clothing,West,UPI,338,2,0.1,608.4,CUST251,4,Apr,0
ORD1287,2024-04-14,Clothing,East,COD,1186,2,0.0,2372.0,CUST118,4,Apr,0
ORD1288,2024-04-15,Clothing,North,UPI,2504,4,0.1,9014.4,CUST245,4,Apr,0
ORD1289,2024-04-15,Home & Kitchen,East,UPI,1598,1,0.0,1598.0,CUST340,4,Apr,0
ORD1290,2024-04-15,Electronics,East,Debit Card,28411,2,0.0,56822.0,CUST336,4,Apr,0
ORD1291,2024-04-16,Electronics,West,COD,18261,2,0.05,34695.9,CUST134,4,Apr,0
ORD1292,2024-04-16,Books,North,UPI,183,1,0.1,164.7,CUST289,4,Apr,0
ORD1293,2024-04-17,Clothing,South,COD,1862,2,0.05,3537.8,CUST100,4,Apr,0
ORD1294,2024-04-17,Electronics,East,Credit Card,49413,1,0.1,44471.7,CUST252,4,Apr,0
ORD1295,2024-04-17,Clothing,North,Credit Card,1288,1,0.0,1288.0,CUST225,4,Apr,0
ORD1296,2024-04-18,Books,East,UPI,120,4,0.0,480.0,CUST325,4,Apr,0
ORD1297,2024-04-18,Electronics,East,COD,44214,3,0.15,112745.7,CUST320,4,Apr,0
ORD1298,2024-04-18,Home & Kitchen,East,UPI,5464,4,0.1,19670.4,CUST310,4,Apr,0
ORD1299,2024-04-19,Electronics,East,COD,33602,3,0.0,100806.0,CUST124,4,Apr,0
ORD1300,2024-04-19,Electronics,West,COD,39450,3,0.15,100597.5,CUST115,4,Apr,0
ORD1301,2024-04-19,Clothing,North,Debit Card,2276,3,0.0,6828.0,CUST281,4,Apr,0
ORD1302,2024-04-20,Clothing,North,Debit Card,1710,2,0.05,3249.0,CUST228,4,Apr,1
ORD1303,2024-04-20,Home & Kitchen,North,Debit Card,6126,4,0.0,24504.0,CUST141,4,Apr,0
ORD1304,2024-04-21,Home & Kitchen,East,UPI,7924,3,0.1,21394.8,CUST335,4,Apr,0
ORD1305,2024-04-21,Sports,West,Debit Card,1433,1,0.1,1289.7,CUST133,4,Apr,0
ORD1306,2024-04-21,Clothing,East,Debit Card,2280,2,0.0,4560.0,CUST144,4,Apr,0
ORD1307,2024-04-22,Clothing,East,Credit Card,2155,4,0.15,7327.0,CUST233,4,Apr,0
ORD1308,2024-04-22,Books,North,COD,623,3,0.05,1775.55,CUST120,4,Apr,0
ORD1309,2024-04-22,Clothing,East,COD,2109,1,0.0,2109.0,CUST221,4,Apr,0
ORD1310,2024-04-23,Clothing,South,Debit Card,1594,4,0.0,6376.0,CUST169,4,Apr,0
ORD1311,2024-04-23,Electronics,East,COD,28019,4,0.0,112076.0,CUST147,4,Apr,0
ORD1312,2024-04-23,Electronics,South,Credit Card,23639,2,0.0,47278.0,CUST138,4,Apr,0
ORD1313,2024-04-24,Sports,East,Credit Card,4110,4,0.05,15618.0,CUST386,4,Apr,0
ORD1314,2024-04-24,Books,West,Debit Card,683,2,0.15,1161.1,CUST109,4,Apr,0
ORD1315,2024-04-25,Home & Kitchen,West,Credit Card,5679,3,0.05,16185.15,CUST129,4,Apr,0
ORD1316,2024-04-25,Clothing,North,COD,2777,2,0.0,5554.0,CUST343,4,Apr,0
ORD1317,2024-04-25,Electronics,East,UPI,10776,1,0.0,10776.0,CUST373,4,Apr,0
ORD1318,2024-04-26,Electronics,South,COD,41444,2,0.0,82888.0,CUST187,4,Apr,0
ORD1319,2024-04-26,Clothing,South,UPI,819,1,0.05,778.05,CUST343,4,Apr,0
ORD1320,2024-04-26,Clothing,East,Debit Card,890,2,0.1,1602.0,CUST114,4,Apr,0
ORD1321,2024-04-27,Home & Kitchen,South,UPI,1550,4,0.0,6200.0,CUST103,4,Apr,0
ORD1322,2024-04-27,Home & Kitchen,West,Credit Card,6305,3,0.1,17023.5,CUST290,4,Apr,0
ORD1323,2024-04-28,Clothing,South,COD,2335,1,0.15,1984.75,CUST267,4,Apr,0
ORD1324,2024-04-28,Sports,North,UPI,6842,2,0.05,12999.8,CUST108,4,Apr,0
ORD1325,2024-04-28,Home & Kitchen,West,COD,7030,2,0.15,11951.0,CUST208,4,Apr,0
ORD1326,2024-04-29,Home & Kitchen,West,Debit Card,4944,2,0.05,9393.6,CUST236,4,Apr,0
ORD1327,2024-04-29,Home & Kitchen,West,Debit Card,1459,4,0.1,5252.4,CUST253,4,Apr,1
ORD1328,2024-04-29,Clothing,East,Credit Card,2263,4,0.05,8599.4,CUST308,4,Apr,0
ORD1329,2024-04-30,Electronics,East,Debit Card,46652,1,0.05,44319.4,CUST371,4,Apr,0
ORD1330,2024-04-30,Clothing,West,UPI,1859,1,0.0,1859.0,CUST242,4,Apr,0
ORD1331,2024-04-30,Books,East,Debit Card,477,4,0.0,1908.0,CUST198,4,Apr,0
ORD1332,2024-05-01,Electronics,South,Credit Card,20251,1,0.0,20251.0,CUST168,5,May,0
ORD1333,2024-05-01,Electronics,East,COD,5526,3,0.05,15749.1,CUST346,5,May,0
ORD1334,2024-05-02,Electronics,East,COD,8224,3,0.0,24672.0,CUST360,5,May,0
ORD1335,2024-05-02,Electronics,West,Debit Card,16536,4,0.2,52915.2,CUST375,5,May,0
ORD1336,2024-05-02,Sports,North,UPI,2375,1,0.1,2137.5,CUST178,5,May,0
ORD1337,2024-05-03,Home & Kitchen,North,Credit Card,2263,2,0.05,4299.7,CUST245,5,May,0
ORD1338,2024-05-03,Clothing,North,UPI,820,3,0.0,2460.0,CUST210,5,May,0
ORD1339,2024-05-03,Electronics,South,Credit Card,43565,4,0.15,148121.0,CUST357,5,May,0
ORD1340,2024-05-04,Clothing,East,Debit Card,1316,1,0.15,1118.6,CUST192,5,May,0
ORD1341,2024-05-04,Clothing,North,Credit Card,1313,4,0.1,4726.8,CUST112,5,May,0
ORD1342,2024-05-04,Electronics,West,Credit Card,40201,2,0.0,80402.0,CUST359,5,May,0
ORD1343,2024-05-05,Clothing,North,Debit Card,1667,3,0.05,4750.95,CUST208,5,May,1
ORD1344,2024-05-05,Clothing,North,UPI,883,4,0.0,3532.0,CUST288,5,May,0
ORD1345,2024-05-06,Home & Kitchen,East,Debit Card,894,4,0.0,3576.0,CUST194,5,May,0
ORD1346,2024-05-06,Home & Kitchen,East,Credit Card,5683,4,0.1,20458.8,CUST204,5,May,0
ORD1347,2024-05-06,Electronics,East,Debit Card,25172,2,0.1,45309.6,CUST107,5,May,0
ORD1348,2024-05-07,Clothing,South,Credit Card,371,4,0.05,1409.8,CUST166,5,May,0
ORD1349,2024-05-07,Home & Kitchen,South,Debit Card,4360,2,0.15,7412.0,CUST290,5,May,0
ORD1350,2024-05-07,Clothing,North,COD,573,2,0.05,1088.7,CUST355,5,May,1
ORD1351,2024-05-08,Sports,East,COD,1889,2,0.05,3589.1,CUST108,5,May,0
ORD1352,2024-05-08,Home & Kitchen,North,Debit Card,4066,3,0.0,12198.0,CUST216,5,May,0
ORD1353,2024-05-08,Electronics,West,UPI,46125,3,0.2,110700.0,CUST366,5,May,0
ORD1354,2024-05-09,Electronics,West,Credit Card,31143,4,0.0,124572.0,CUST198,5,May,0
ORD1355,2024-05-09,Home & Kitchen,East,COD,6654,4,0.2,21292.8,CUST397,5,May,0
ORD1356,2024-05-10,Electronics,East,UPI,26804,3,0.15,68350.2,CUST263,5,May,0
ORD1357,2024-05-10,Home & Kitchen,West,Credit Card,1228,1,0.0,1228.0,CUST240,5,May,0
ORD1358,2024-05-10,Sports,East,COD,2543,3,0.05,7247.55,CUST367,5,May,0
ORD1359,2024-05-11,Home & Kitchen,South,COD,4697,2,0.15,7984.9,CUST136,5,May,0
ORD1360,2024-05-11,Clothing,South,Debit Card,1715,3,0.05,4887.75,CUST173,5,May,0
ORD1361,2024-05-11,Home & Kitchen,East,Credit Card,1278,2,0.2,2044.8,CUST172,5,May,0
ORD1362,2024-05-12,Clothing,West,UPI,513,4,0.2,1641.6,CUST298,5,May,0
ORD1363,2024-05-12,Clothing,North,UPI,1411,1,0.05,1340.45,CUST229,5,May,0
ORD1364,2024-05-12,Sports,East,UPI,7231,4,0.0,28924.0,CUST345,5,May,0
ORD1365,2024-05-13,Clothing,East,Credit Card,1995,2,0.2,3192.0,CUST159,5,May,0
ORD1366,2024-05-13,Sports,North,UPI,9283,2,0.1,16709.4,CUST378,5,May,0
ORD1367,2024-05-14,Sports,East,UPI,3220,2,0.0,6440.0,CUST202,5,May,0
ORD1368,2024-05-14,Electronics,North,UPI,13905,1,0.0,13905.0,CUST395,5,May,0
ORD1369,2024-05-14,Electronics,West,Debit Card,14127,3,0.05,40261.95,CUST250,5,May,0
ORD1370,2024-05-15,Electronics,South,Debit Card,27431,4,0.2,87779.2,CUST256,5,May,0
ORD1371,2024-05-15,Electronics,West,Credit Card,11368,4,0.15,38651.2,CUST305,5,May,0
ORD1372,2024-05-15,Electronics,South,Credit Card,32424,3,0.1,87544.8,CUST278,5,May,0
ORD1373,2024-05-16,Home & Kitchen,North,UPI,6364,4,0.0,25456.0,CUST296,5,May,0
ORD1374,2024-05-16,Electronics,South,Debit Card,23333,1,0.0,23333.0,CUST322,5,May,0
ORD1375,2024-05-17,Clothing,West,COD,2936,4,0.15,9982.4,CUST188,5,May,0
ORD1376,2024-05-17,Books,South,COD,215,2,0.0,430.0,CUST386,5,May,0
ORD1377,2024-05-17,Electronics,North,UPI,48201,3,0.0,144603.0,CUST375,5,May,0
ORD1378,2024-05-18,Books,South,UPI,265,1,0.0,265.0,CUST335,5,May,0
ORD1379,2024-05-18,Clothing,East,Debit Card,389,3,0.1,1050.3,CUST282,5,May,0
ORD1380,2024-05-18,Electronics,West,Debit Card,15361,1,0.2,12288.8,CUST308,5,May,0
ORD1381,2024-05-19,Home & Kitchen,East,Debit Card,4738,2,0.0,9476.0,CUST229,5,May,0
ORD1382,2024-05-19,Home & Kitchen,North,Credit Card,3541,3,0.05,10091.85,CUST252,5,May,1
ORD1383,2024-05-19,Sports,South,Credit Card,605,4,0.1,2178.0,CUST112,5,May,0
ORD1384,2024-05-20,Home & Kitchen,East,UPI,1386,1,0.2,1108.8,CUST221,5,May,0
ORD1385,2024-05-20,Books,East,Credit Card,527,3,0.0,1581.0,CUST319,5,May,0
ORD1386,2024-05-21,Clothing,South,Debit Card,1628,4,0.05,6186.4,CUST205,5,May,0
ORD1387,2024-05-21,Electronics,South,Debit Card,11090,3,0.0,33270.0,CUST169,5,May,0
ORD1388,2024-05-21,Books,West,Credit Card,416,3,0.15,1060.8,CUST294,5,May,0
ORD1389,2024-05-22,Books,East,COD,734,3,0.05,2091.9,CUST285,5,May,0
ORD1390,2024-05-22,Sports,East,UPI,2425,1,0.0,2425.0,CUST198,5,May,0
ORD1391,2024-05-22,Clothing,North,COD,2356,4,0.1,8481.6,CUST181,5,May,1
ORD1392,2024-05-23,Clothing,West,UPI,2570,2,0.1,4626.0,CUST174,5,May,0
ORD1393,2024-05-23,Books,North,COD,515,1,0.0,515.0,CUST291,5,May,0
ORD1394,2024-05-23,Clothing,East,Credit Card,852,1,0.15,724.2,CUST313,5,May,0
ORD1395,2024-05-24,Sports,North,UPI,9407,1,0.0,9407.0,CUST243,5,May,0
ORD1396,2024-05-24,Sports,East,UPI,5883,2,0.05,11177.7,CUST315,5,May,0
ORD1397,2024-05-25,Clothing,East,UPI,2013,4,0.05,7649.4,CUST114,5,May,0
ORD1398,2024-05-25,Books,North,Debit Card,417,4,0.1,1501.2,CUST316,5,May,0
ORD1399,2024-05-25,Books,North,Debit Card,183,4,0.0,732.0,CUST134,5,May,0
ORD1400,2024-05-26,Electronics,South,COD,18629,3,0.15,47503.95,CUST282,5,May,0
ORD1401,2024-05-26,Sports,South,Credit Card,8942,3,0.1,24143.4,CUST369,5,May,0
ORD1402,2024-05-26,Clothing,South,Debit Card,2730,3,0.1,7371.0,CUST199,5,May,0
ORD1403,2024-05-27,Books,East,UPI,106,2,0.1,190.8,CUST106,5,May,0
ORD1404,2024-05-27,Clothing,North,Debit Card,758,3,0.1,2046.6,CUST129,5,May,0
ORD1405,2024-05-27,Sports,West,Credit Card,707,2,0.0,1414.0,CUST243,5,May,0
ORD1406,2024-05-28,Clothing,East,Debit Card,1199,4,0.0,4796.0,CUST210,5,May,0
ORD1407,2024-05-28,Electronics,West,UPI,16653,3,0.2,39967.2,CUST331,5,May,0
ORD1408,2024-05-29,Sports,North,COD,521,3,0.0,1563.0,CUST278,5,May,0
ORD1409,2024-05-29,Electronics,East,UPI,13601,1,0.1,12240.9,CUST171,5,May,0
ORD1410,2024-05-29,Clothing,West,Credit Card,1194,2,0.2,1910.4,CUST309,5,May,0
ORD1411,2024-05-30,Sports,West,COD,1014,4,0.0,4056.0,CUST319,5,May,0
ORD1412,2024-05-30,Sports,South,Debit Card,7794,1,0.1,7014.6,CUST179,5,May,0
ORD1413,2024-05-30,Home & Kitchen,South,Debit Card,5404,1,0.05,5133.8,CUST182,5,May,1
ORD1414,2024-05-31,Home & Kitchen,South,Debit Card,5469,4,0.05,20782.2,CUST141,5,May,0
ORD1415,2024-05-31,Clothing,East,COD,313,1,0.0,313.0,CUST372,5,May,0
ORD1416,2024-05-31,Clothing,North,UPI,1270,2,0.0,2540.0,CUST290,5,May,0
ORD1417,2024-06-01,Clothing,North,COD,2434,2,0.1,4381.2,CUST272,6,Jun,0
ORD1418,2024-06-01,Home & Kitchen,South,COD,4095,3,0.15,10442.25,CUST106,6,Jun,0
ORD1419,2024-06-02,Books,South,Credit Card,636,1,0.1,572.4,CUST254,6,Jun,0
ORD1420,2024-06-02,Books,South,COD,400,3,0.05,1140.0,CUST109,6,Jun,0
ORD1421,2024-06-02,Books,West,Debit Card,342,1,0.0,342.0,CUST133,6,Jun,0
ORD1422,2024-06-03,Electronics,South,UPI,31745,2,0.1,57141.0,CUST135,6,Jun,0
ORD1423,2024-06-03,Clothing,West,UPI,1049,2,0.0,2098.0,CUST105,6,Jun,0
ORD1424,2024-06-03,Electronics,North,UPI,9780,2,0.2,15648.0,CUST314,6,Jun,0
ORD1425,2024-06-04,Clothing,East,Debit Card,2227,1,0.15,1892.95,CUST233,6,Jun,0
ORD1426,2024-06-04,Clothing,East,Debit Card,2656,2,0.1,4780.8,CUST384,6,Jun,0
ORD1427,2024-06-05,Sports,East,Debit Card,5290,1,0.2,4232.0,CUST225,6,Jun,0
ORD1428,2024-06-05,Clothing,East,Debit Card,2635,3,0.0,7905.0,CUST273,6,Jun,0
ORD1429,2024-06-05,Electronics,West,Debit Card,29363,1,0.1,26426.7,CUST251,6,Jun,0
ORD1430,2024-06-06,Electronics,West,COD,25049,3,0.0,75147.0,CUST125,6,Jun,0
ORD1431,2024-06-06,Books,South,Debit Card,761,1,0.2,608.8,CUST214,6,Jun,0
ORD1432,2024-06-06,Home & Kitchen,West,Debit Card,5144,3,0.0,15432.0,CUST383,6,Jun,0
ORD1433,2024-06-07,Electronics,South,Debit Card,7920,2,0.1,14256.0,CUST174,6,Jun,0
ORD1434,2024-06-07,Electronics,South,Debit Card,30658,3,0.15,78177.9,CUST265,6,Jun,0
ORD1435,2024-06-07,Home & Kitchen,East,UPI,3471,2,0.0,6942.0,CUST288,6,Jun,0
ORD1436,2024-06-08,Electronics,West,Debit Card,19025,2,0.0,38050.0,CUST177,6,Jun,0
ORD1437,2024-06-08,Books,West,COD,134,3,0.1,361.8,CUST189,6,Jun,0
ORD1438,2024-06-09,Home & Kitchen,South,COD,5040,1,0.05,4788.0,CUST275,6,Jun,0
ORD1439,2024-06-09,Electronics,South,COD,44004,1,0.0,44004.0,CUST120,6,Jun,0
ORD1440,2024-06-09,Electronics,North,Credit Card,21309,4,0.0,85236.0,CUST153,6,Jun,0
ORD1441,2024-06-10,Sports,North,UPI,6578,1,0.0,6578.0,CUST283,6,Jun,1
ORD1442,2024-06-10,Clothing,South,Debit Card,1530,4,0.15,5202.0,CUST321,6,Jun,0
ORD1443,2024-06-10,Clothing,North,Credit Card,652,1,0.05,619.4,CUST278,6,Jun,0
ORD1444,2024-06-11,Books,North,Debit Card,431,1,0.0,431.0,CUST375,6,Jun,0
ORD1445,2024-06-11,Sports,South,Credit Card,7505,2,0.0,15010.0,CUST211,6,Jun,0
ORD1446,2024-06-11,Sports,South,Credit Card,658,4,0.0,2632.0,CUST323,6,Jun,0
ORD1447,2024-06-12,Books,West,COD,123,1,0.0,123.0,CUST313,6,Jun,0
ORD1448,2024-06-12,Clothing,South,COD,703,4,0.05,2671.4,CUST158,6,Jun,0
ORD1449,2024-06-13,Electronics,South,Credit Card,17803,2,0.0,35606.0,CUST208,6,Jun,0
ORD1450,2024-06-13,Books,East,COD,463,2,0.0,926.0,CUST256,6,Jun,0
ORD1451,2024-06-13,Home & Kitchen,West,Credit Card,3953,4,0.1,14230.8,CUST290,6,Jun,0
ORD1452,2024-06-14,Clothing,West,UPI,2879,2,0.0,5758.0,CUST299,6,Jun,0
ORD1453,2024-06-14,Sports,West,COD,1455,3,0.1,3928.5,CUST295,6,Jun,0
ORD1454,2024-06-14,Electronics,East,COD,44063,3,0.05,125579.55,CUST134,6,Jun,0
ORD1455,2024-06-15,Clothing,South,COD,2012,2,0.05,3822.8,CUST345,6,Jun,0
ORD1456,2024-06-15,Electronics,West,UPI,20282,3,0.1,54761.4,CUST336,6,Jun,0
ORD1457,2024-06-15,Clothing,West,Credit Card,907,1,0.05,861.65,CUST203,6,Jun,0
ORD1458,2024-06-16,Electronics,North,Debit Card,11563,4,0.15,39314.2,CUST106,6,Jun,0
ORD1459,2024-06-16,Electronics,West,COD,30849,1,0.1,27764.1,CUST382,6,Jun,0
ORD1460,2024-06-17,Electronics,South,Credit Card,36860,4,0.05,140068.0,CUST100,6,Jun,0
ORD1461,2024-06-17,Home & Kitchen,South,UPI,7509,2,0.15,12765.3,CUST318,6,Jun,0
ORD1462,2024-06-17,Home & Kitchen,North,Debit Card,6131,1,0.1,5517.9,CUST329,6,Jun,1
ORD1463,2024-06-18,Home & Kitchen,West,COD,4311,2,0.0,8622.0,CUST271,6,Jun,0
ORD1464,2024-06-18,Sports,West,UPI,1894,2,0.0,3788.0,CUST186,6,Jun,0
ORD1465,2024-06-18,Clothing,West,UPI,485,4,0.0,1940.0,CUST140,6,Jun,0
ORD1466,2024-06-19,Clothing,East,Debit Card,1569,4,0.15,5334.6,CUST222,6,Jun,1
ORD1467,2024-06-19,Sports,West,Credit Card,5232,4,0.1,18835.2,CUST397,6,Jun,0
ORD1468,2024-06-19,Electronics,South,COD,38297,1,0.2,30637.6,CUST277,6,Jun,0
ORD1469,2024-06-20,Sports,South,COD,3458,3,0.1,9336.6,CUST162,6,Jun,0
ORD1470,2024-06-20,Electronics,East,Credit Card,32490,4,0.05,123462.0,CUST264,6,Jun,0
ORD1471,2024-06-21,Sports,East,Credit Card,4091,4,0.0,16364.0,CUST286,6,Jun,0
ORD1472,2024-06-21,Electronics,West,Credit Card,31723,1,0.1,28550.7,CUST308,6,Jun,0
ORD1473,2024-06-21,Sports,North,Debit Card,7395,4,0.05,28101.0,CUST326,6,Jun,0
ORD1474,2024-06-22,Clothing,East,Debit Card,777,1,0.2,621.6,CUST147,6,Jun,1
ORD1475,2024-06-22,Sports,East,COD,9631,2,0.0,19262.0,CUST323,6,Jun,0
ORD1476,2024-06-22,Electronics,West,Debit Card,5525,4,0.05,20995.0,CUST102,6,Jun,0
ORD1477,2024-06-23,Home & Kitchen,West,UPI,6977,4,0.1,25117.2,CUST274,6,Jun,0
ORD1478,2024-06-23,Sports,East,COD,501,2,0.1,901.8,CUST198,6,Jun,0
ORD1479,2024-06-24,Clothing,North,Debit Card,674,2,0.05,1280.6,CUST215,6,Jun,0
ORD1480,2024-06-24,Home & Kitchen,East,Credit Card,2840,2,0.1,5112.0,CUST369,6,Jun,0
ORD1481,2024-06-24,Home & Kitchen,West,UPI,7480,4,0.0,29920.0,CUST352,6,Jun,0
ORD1482,2024-06-25,Clothing,West,Credit Card,852,3,0.1,2300.4,CUST194,6,Jun,0
ORD1483,2024-06-25,Home & Kitchen,East,COD,2865,3,0.1,7735.5,CUST372,6,Jun,0
ORD1484,2024-06-25,Home & Kitchen,North,Credit Card,2025,3,0.15,5163.75,CUST123,6,Jun,0
ORD1485,2024-06-26,Sports,East,Debit Card,2146,4,0.15,7296.4,CUST215,6,Jun,0
ORD1486,2024-06-26,Electronics,East,Debit Card,37781,2,0.0,75562.0,CUST250,6,Jun,0
ORD1487,2024-06-26,Clothing,West,COD,803,4,0.0,3212.0,CUST149,6,Jun,0
ORD1488,2024-06-27,Sports,North,Credit Card,2778,2,0.2,4444.8,CUST305,6,Jun,0
ORD1489,2024-06-27,Sports,South,COD,3655,4,0.05,13889.0,CUST178,6,Jun,0
ORD1490,2024-06-28,Clothing,North,Credit Card,429,4,0.2,1372.8,CUST169,6,Jun,0
ORD1491,2024-06-28,Home & Kitchen,East,UPI,4314,2,0.0,8628.0,CUST126,6,Jun,0
ORD1492,2024-06-28,Clothing,East,Debit Card,1137,3,0.1,3069.9,CUST370,6,Jun,0
ORD1493,2024-06-29,Electronics,East,COD,40984,2,0.15,69672.8,CUST149,6,Jun,0
ORD1494,2024-06-29,Clothing,North,UPI,2340,1,0.2,1872.0,CUST391,6,Jun,0
ORD1495,2024-06-29,Clothing,West,UPI,327,1,0.0,327.0,CUST346,6,Jun,0
ORD1496,2024-06-30,Home & Kitchen,East,COD,2613,2,0.1,4703.4,CUST363,6,Jun,0
ORD1497,2024-06-30,Electronics,East,COD,48006,4,0.05,182422.8,CUST178,6,Jun,1
ORD1498,2024-06-30,Sports,North,UPI,6043,1,0.0,6043.0,CUST289,6,Jun,0
ORD1499,2024-07-01,Sports,South,Credit Card,5055,1,0.1,4549.5,CUST146,7,Jul,0
ORD1500,2024-07-01,Home & Kitchen,South,UPI,4523,4,0.1,16282.8,CUST288,7,Jul,1
ORD1501,2024-07-02,Clothing,West,COD,600,4,0.2,1920.0,CUST355,7,Jul,0
ORD1502,2024-07-02,Clothing,West,UPI,2634,3,0.05,7506.9,CUST321,7,Jul,0
ORD1503,2024-07-02,Books,East,Credit Card,494,4,0.0,1976.0,CUST340,7,Jul,1
ORD1504,2024-07-03,Home & Kitchen,North,Debit Card,3581,2,0.0,7162.0,CUST368,7,Jul,0
ORD1505,2024-07-03,Electronics,East,Debit Card,49738,2,0.05,94502.2,CUST100,7,Jul,0
ORD1506,2024-07-03,Sports,West,UPI,1129,3,0.0,3387.0,CUST133,7,Jul,0
ORD1507,2024-07-04,Books,North,Credit Card,369,1,0.1,332.1,CUST178,7,Jul,0
ORD1508,2024-07-04,Sports,North,Debit Card,6224,1,0.0,6224.0,CUST335,7,Jul,0
ORD1509,2024-07-04,Home & Kitchen,West,UPI,6397,4,0.2,20470.4,CUST197,7,Jul,0
ORD1510,2024-07-05,Home & Kitchen,South,UPI,3391,2,0.2,5425.6,CUST181,7,Jul,0
ORD1511,2024-07-05,Clothing,South,Credit Card,1161,1,0.1,1044.9,CUST291,7,Jul,0
ORD1512,2024-07-06,Sports,North,COD,3932,3,0.2,9436.8,CUST352,7,Jul,0
ORD1513,2024-07-06,Sports,East,UPI,9972,3,0.1,26924.4,CUST137,7,Jul,0
ORD1514,2024-07-06,Electronics,South,COD,11276,2,0.05,21424.4,CUST113,7,Jul,0
ORD1515,2024-07-07,Electronics,East,COD,43663,3,0.0,130989.0,CUST308,7,Jul,0
ORD1516,2024-07-07,Clothing,South,Debit Card,2006,3,0.05,5717.1,CUST188,7,Jul,1
ORD1517,2024-07-07,Books,South,COD,612,2,0.05,1162.8,CUST155,7,Jul,1
ORD1518,2024-07-08,Sports,East,Credit Card,1075,4,0.15,3655.0,CUST193,7,Jul,0
ORD1519,2024-07-08,Electronics,West,Debit Card,11099,4,0.05,42176.2,CUST192,7,Jul,0
ORD1520,2024-07-08,Home & Kitchen,South,Debit Card,1807,3,0.15,4607.85,CUST184,7,Jul,0
ORD1521,2024-07-09,Clothing,South,Debit Card,2256,4,0.1,8121.6,CUST344,7,Jul,0
ORD1522,2024-07-09,Sports,East,UPI,3234,4,0.0,12936.0,CUST121,7,Jul,0
ORD1523,2024-07-10,Books,West,UPI,303,3,0.2,727.2,CUST390,7,Jul,0
ORD1524,2024-07-10,Books,South,COD,264,4,0.05,1003.2,CUST371,7,Jul,1
ORD1525,2024-07-10,Clothing,South,Debit Card,2652,3,0.0,7956.0,CUST221,7,Jul,0
ORD1526,2024-07-11,Clothing,West,Debit Card,1955,1,0.1,1759.5,CUST227,7,Jul,0
ORD1527,2024-07-11,Clothing,South,Credit Card,1879,2,0.0,3758.0,CUST212,7,Jul,0
ORD1528,2024-07-11,Electronics,West,COD,19135,2,0.1,34443.0,CUST372,7,Jul,0
ORD1529,2024-07-12,Sports,West,Credit Card,2703,4,0.05,10271.4,CUST229,7,Jul,0
ORD1530,2024-07-12,Books,East,COD,466,4,0.05,1770.8,CUST231,7,Jul,0
ORD1531,2024-07-13,Sports,North,COD,2242,4,0.2,7174.4,CUST184,7,Jul,0
ORD1532,2024-07-13,Sports,West,UPI,2425,2,0.05,4607.5,CUST180,7,Jul,0
ORD1533,2024-07-13,Home & Kitchen,East,UPI,1119,1,0.0,1119.0,CUST168,7,Jul,0
ORD1534,2024-07-14,Books,North,Credit Card,350,1,0.05,332.5,CUST247,7,Jul,0
ORD1535,2024-07-14,Sports,South,COD,1456,2,0.2,2329.6,CUST115,7,Jul,0
ORD1536,2024-07-14,Books,North,Debit Card,433,1,0.0,433.0,CUST204,7,Jul,0
ORD1537,2024-07-15,Electronics,West,UPI,21001,2,0.0,42002.0,CUST264,7,Jul,0
ORD1538,2024-07-15,Clothing,West,Debit Card,1268,1,0.0,1268.0,CUST300,7,Jul,0
ORD1539,2024-07-15,Electronics,West,Credit Card,30892,3,0.0,92676.0,CUST296,7,Jul,0
ORD1540,2024-07-16,Sports,West,UPI,9735,3,0.15,24824.25,CUST284,7,Jul,0
ORD1541,2024-07-16,Home & Kitchen,West,UPI,781,2,0.1,1405.8,CUST364,7,Jul,0
ORD1542,2024-07-17,Electronics,East,COD,32420,1,0.0,32420.0,CUST199,7,Jul,0
ORD1543,2024-07-17,Home & Kitchen,West,Credit Card,7668,4,0.1,27604.8,CUST313,7,Jul,0
ORD1544,2024-07-17,Home & Kitchen,East,COD,6762,1,0.0,6762.0,CUST377,7,Jul,1
ORD1545,2024-07-18,Clothing,South,UPI,1358,3,0.2,3259.2,CUST261,7,Jul,0
ORD1546,2024-07-18,Electronics,West,Credit Card,25677,3,0.2,61624.8,CUST256,7,Jul,0
ORD1547,2024-07-18,Home & Kitchen,West,UPI,3032,1,0.0,3032.0,CUST350,7,Jul,0
ORD1548,2024-07-19,Clothing,North,Credit Card,1382,1,0.15,1174.7,CUST196,7,Jul,0
ORD1549,2024-07-19,Books,South,UPI,260,4,0.1,936.0,CUST117,7,Jul,0
ORD1550,2024-07-19,Clothing,West,Debit Card,1308,4,0.0,5232.0,CUST196,7,Jul,1
ORD1551,2024-07-20,Sports,West,Debit Card,1729,1,0.0,1729.0,CUST100,7,Jul,0
ORD1552,2024-07-20,Home & Kitchen,South,COD,1535,1,0.05,1458.25,CUST315,7,Jul,0
ORD1553,2024-07-21,Home & Kitchen,East,Debit Card,5085,1,0.1,4576.5,CUST231,7,Jul,1
ORD1554,2024-07-21,Sports,West,UPI,8967,1,0.2,7173.6,CUST359,7,Jul,1
ORD1555,2024-07-21,Clothing,North,UPI,2589,2,0.1,4660.2,CUST224,7,Jul,0
ORD1556,2024-07-22,Electronics,West,Debit Card,6239,1,0.15,5303.15,CUST181,7,Jul,0
ORD1557,2024-07-22,Electronics,North,COD,43138,4,0.1,155296.8,CUST382,7,Jul,0
ORD1558,2024-07-22,Books,North,Debit Card,225,3,0.15,573.75,CUST270,7,Jul,0
ORD1559,2024-07-23,Home & Kitchen,West,Credit Card,4565,2,0.1,8217.0,CUST158,7,Jul,0
ORD1560,2024-07-23,Home & Kitchen,West,Credit Card,4812,1,0.0,4812.0,CUST131,7,Jul,0
ORD1561,2024-07-23,Electronics,North,Credit Card,28857,3,0.05,82242.45,CUST260,7,Jul,0
ORD1562,2024-07-24,Electronics,South,Debit Card,20398,2,0.15,34676.6,CUST383,7,Jul,0
ORD1563,2024-07-24,Electronics,South,Debit Card,11638,3,0.0,34914.0,CUST205,7,Jul,0
ORD1564,2024-07-25,Clothing,West,Debit Card,2774,1,0.15,2357.9,CUST204,7,Jul,0
ORD1565,2024-07-25,Home & Kitchen,East,Credit Card,3749,1,0.0,3749.0,CUST327,7,Jul,0
ORD1566,2024-07-25,Clothing,South,COD,1218,4,0.05,4628.4,CUST287,7,Jul,0
ORD1567,2024-07-26,Clothing,West,UPI,1617,1,0.15,1374.45,CUST169,7,Jul,0
ORD1568,2024-07-26,Sports,South,Debit Card,6794,1,0.0,6794.0,CUST389,7,Jul,0
ORD1569,2024-07-26,Clothing,East,COD,2731,2,0.0,5462.0,CUST186,7,Jul,0
ORD1570,2024-07-27,Clothing,West,UPI,1961,4,0.05,7451.8,CUST155,7,Jul,0
ORD1571,2024-07-27,Books,East,UPI,407,2,0.15,691.9,CUST212,7,Jul,0
ORD1572,2024-07-27,Clothing,West,UPI,1659,3,0.0,4977.0,CUST112,7,Jul,0
ORD1573,2024-07-28,Home & Kitchen,East,COD,2469,1,0.2,1975.2,CUST117,7,Jul,0
ORD1574,2024-07-28,Sports,South,COD,1391,3,0.0,4173.0,CUST281,7,Jul,0
ORD1575,2024-07-29,Sports,South,Credit Card,4970,2,0.2,7952.0,CUST212,7,Jul,0
ORD1576,2024-07-29,Electronics,East,COD,15225,1,0.2,12180.0,CUST328,7,Jul,0
ORD1577,2024-07-29,Sports,East,COD,8820,1,0.05,8379.0,CUST270,7,Jul,0
ORD1578,2024-07-30,Clothing,East,COD,1314,2,0.05,2496.6,CUST394,7,Jul,0
ORD1579,2024-07-30,Clothing,West,UPI,2099,2,0.05,3988.1,CUST288,7,Jul,1
ORD1580,2024-07-30,Clothing,South,Debit Card,1681,2,0.1,3025.8,CUST178,7,Jul,0
ORD1581,2024-07-31,Sports,West,Credit Card,5112,2,0.0,10224.0,CUST245,7,Jul,0
ORD1582,2024-07-31,Clothing,South,Debit Card,1818,2,0.0,3636.0,CUST281,7,Jul,0
ORD1583,2024-08-01,Clothing,North,Debit Card,385,1,0.0,385.0,CUST385,8,Aug,0
ORD1584,2024-08-01,Home & Kitchen,West,COD,1698,2,0.05,3226.2,CUST349,8,Aug,1
ORD1585,2024-08-01,Electronics,South,Credit Card,43006,1,0.0,43006.0,CUST295,8,Aug,0
ORD1586,2024-08-02,Electronics,South,Debit Card,20577,1,0.1,18519.3,CUST170,8,Aug,0
ORD1587,2024-08-02,Electronics,West,Debit Card,27473,2,0.2,43956.8,CUST347,8,Aug,0
ORD1588,2024-08-02,Electronics,West,Credit Card,33625,2,0.0,67250.0,CUST245,8,Aug,0
ORD1589,2024-08-03,Electronics,South,COD,20504,4,0.05,77915.2,CUST205,8,Aug,0
ORD1590,2024-08-03,Electronics,West,Debit Card,29089,1,0.05,27634.55,CUST362,8,Aug,0
ORD1591,2024-08-03,Home & Kitchen,East,UPI,4219,2,0.15,7172.3,CUST395,8,Aug,0
ORD1592,2024-08-04,Electronics,West,Debit Card,5302,2,0.2,8483.2,CUST169,8,Aug,0
ORD1593,2024-08-04,Clothing,West,UPI,887,2,0.15,1507.9,CUST292,8,Aug,1
ORD1594,2024-08-05,Sports,West,COD,1486,4,0.2,4755.2,CUST167,8,Aug,1
ORD1595,2024-08-05,Clothing,South,Debit Card,2163,4,0.0,8652.0,CUST151,8,Aug,0
ORD1596,2024-08-05,Home & Kitchen,East,Credit Card,4940,3,0.15,12597.0,CUST384,8,Aug,0
ORD1597,2024-08-06,Electronics,North,Credit Card,35659,1,0.1,32093.1,CUST108,8,Aug,0
ORD1598,2024-08-06,Electronics,North,Debit Card,40840,3,0.0,122520.0,CUST350,8,Aug,0
ORD1599,2024-08-06,Electronics,East,COD,36890,2,0.2,59024.0,CUST397,8,Aug,0
ORD1600,2024-08-07,Electronics,East,COD,18598,4,0.0,74392.0,CUST283,8,Aug,0
ORD1601,2024-08-07,Clothing,East,Credit Card,2299,4,0.1,8276.4,CUST278,8,Aug,0
ORD1602,2024-08-07,Electronics,South,Debit Card,24508,3,0.0,73524.0,CUST297,8,Aug,0
ORD1603,2024-08-08,Electronics,North,COD,47287,4,0.05,179690.6,CUST227,8,Aug,0
ORD1604,2024-08-08,Electronics,East,Credit Card,18380,2,0.1,33084.0,CUST119,8,Aug,0
ORD1605,2024-08-09,Clothing,South,UPI,2708,4,0.05,10290.4,CUST164,8,Aug,1
ORD1606,2024-08-09,Electronics,North,Debit Card,49633,3,0.05,141454.05,CUST281,8,Aug,0
ORD1607,2024-08-09,Clothing,West,UPI,1309,2,0.0,2618.0,CUST340,8,Aug,0
ORD1608,2024-08-10,Clothing,South,UPI,1003,3,0.15,2557.65,CUST123,8,Aug,1
ORD1609,2024-08-10,Home & Kitchen,North,COD,1074,4,0.0,4296.0,CUST182,8,Aug,0
ORD1610,2024-08-10,Electronics,South,COD,10704,3,0.05,30506.4,CUST284,8,Aug,0
ORD1611,2024-08-11,Books,North,COD,260,3,0.2,624.0,CUST198,8,Aug,0
ORD1612,2024-08-11,Home & Kitchen,North,Debit Card,5708,1,0.15,4851.8,CUST161,8,Aug,0
ORD1613,2024-08-11,Electronics,West,UPI,11924,4,0.05,45311.2,CUST385,8,Aug,0
ORD1614,2024-08-12,Sports,South,Debit Card,4328,4,0.1,15580.8,CUST121,8,Aug,0
ORD1615,2024-08-12,Sports,East,COD,3730,3,0.15,9511.5,CUST311,8,Aug,0
ORD1616,2024-08-13,Electronics,West,UPI,5488,1,0.15,4664.8,CUST225,8,Aug,1
ORD1617,2024-08-13,Clothing,West,Debit Card,1647,4,0.05,6258.6,CUST141,8,Aug,0
ORD1618,2024-08-13,Books,North,Debit Card,709,2,0.0,1418.0,CUST197,8,Aug,0
ORD1619,2024-08-14,Home & Kitchen,East,Credit Card,3673,3,0.0,11019.0,CUST130,8,Aug,0
ORD1620,2024-08-14,Electronics,South,Debit Card,34165,4,0.0,136660.0,CUST257,8,Aug,0
ORD1621,2024-08-14,Electronics,East,COD,6667,2,0.05,12667.3,CUST211,8,Aug,0
ORD1622,2024-08-15,Clothing,East,Debit Card,1937,4,0.0,7748.0,CUST346,8,Aug,0
ORD1623,2024-08-15,Clothing,East,UPI,318,2,0.1,572.4,CUST221,8,Aug,0
ORD1624,2024-08-15,Home & Kitchen,East,Debit Card,4053,3,0.0,12159.0,CUST372,8,Aug,0
ORD1625,2024-08-16,Clothing,East,Credit Card,2744,4,0.0,10976.0,CUST393,8,Aug,0
ORD1626,2024-08-16,Clothing,North,UPI,1300,4,0.15,4420.0,CUST306,8,Aug,0
ORD1627,2024-08-17,Home & Kitchen,North,UPI,7946,1,0.05,7548.7,CUST209,8,Aug,0
ORD1628,2024-08-17,Electronics,West,Credit Card,30426,3,0.0,91278.0,CUST377,8,Aug,0
ORD1629,2024-08-17,Clothing,North,COD,1688,2,0.15,2869.6,CUST155,8,Aug,0
ORD1630,2024-08-18,Home & Kitchen,West,UPI,5950,4,0.0,23800.0,CUST156,8,Aug,0
ORD1631,2024-08-18,Sports,West,COD,4212,4,0.1,15163.2,CUST390,8,Aug,0
ORD1632,2024-08-18,Clothing,South,UPI,1667,2,0.1,3000.6,CUST213,8,Aug,0
ORD1633,2024-08-19,Clothing,East,UPI,1121,3,0.0,3363.0,CUST297,8,Aug,0
ORD1634,2024-08-19,Electronics,North,COD,31200,1,0.15,26520.0,CUST278,8,Aug,0
ORD1635,2024-08-20,Clothing,South,UPI,1010,1,0.05,959.5,CUST318,8,Aug,0
ORD1636,2024-08-20,Clothing,North,COD,2490,4,0.05,9462.0,CUST376,8,Aug,0
ORD1637,2024-08-20,Electronics,West,Credit Card,14108,2,0.0,28216.0,CUST115,8,Aug,0
ORD1638,2024-08-21,Clothing,North,COD,2952,4,0.0,11808.0,CUST160,8,Aug,0
ORD1639,2024-08-21,Clothing,East,Credit Card,1796,2,0.2,2873.6,CUST153,8,Aug,0
ORD1640,2024-08-21,Electronics,West,UPI,22824,1,0.0,22824.0,CUST267,8,Aug,0
ORD1641,2024-08-22,Clothing,West,COD,604,3,0.05,1721.4,CUST125,8,Aug,0
ORD1642,2024-08-22,Electronics,South,UPI,13927,2,0.05,26461.3,CUST164,8,Aug,0
ORD1643,2024-08-22,Clothing,East,COD,2638,1,0.05,2506.1,CUST199,8,Aug,0
ORD1644,2024-08-23,Electronics,West,Credit Card,27443,4,0.0,109772.0,CUST173,8,Aug,0
ORD1645,2024-08-23,Sports,East,Credit Card,7510,2,0.0,15020.0,CUST291,8,Aug,0
ORD1646,2024-08-24,Home & Kitchen,North,COD,3515,3,0.1,9490.5,CUST270,8,Aug,0
ORD1647,2024-08-24,Home & Kitchen,East,Credit Card,7617,4,0.0,30468.0,CUST372,8,Aug,0
ORD1648,2024-08-24,Books,West,UPI,102,4,0.0,408.0,CUST286,8,Aug,0
ORD1649,2024-08-25,Clothing,South,UPI,2432,1,0.0,2432.0,CUST122,8,Aug,0
ORD1650,2024-08-25,Electronics,West,Debit Card,33441,2,0.05,63537.9,CUST280,8,Aug,0
ORD1651,2024-08-25,Clothing,East,Credit Card,2675,4,0.15,9095.0,CUST207,8,Aug,0
ORD1652,2024-08-26,Home & Kitchen,East,UPI,3363,3,0.0,10089.0,CUST261,8,Aug,0
ORD1653,2024-08-26,Home & Kitchen,West,COD,6069,2,0.0,12138.0,CUST305,8,Aug,0
ORD1654,2024-08-26,Clothing,East,Credit Card,2801,3,0.0,8403.0,CUST177,8,Aug,0
ORD1655,2024-08-27,Electronics,North,UPI,31523,4,0.1,113482.8,CUST115,8,Aug,0
ORD1656,2024-08-27,Clothing,West,Credit Card,2976,3,0.1,8035.2,CUST195,8,Aug,0
ORD1657,2024-08-28,Clothing,South,COD,1477,1,0.05,1403.15,CUST246,8,Aug,0
ORD1658,2024-08-28,Home & Kitchen,West,UPI,5260,3,0.1,14202.0,CUST101,8,Aug,0
ORD1659,2024-08-28,Home & Kitchen,North,Debit Card,511,2,0.1,919.8,CUST109,8,Aug,0
ORD1660,2024-08-29,Clothing,North,Debit Card,1456,3,0.15,3712.8,CUST224,8,Aug,0
ORD1661,2024-08-29,Sports,North,Credit Card,4899,3,0.15,12492.45,CUST180,8,Aug,0
ORD1662,2024-08-29,Home & Kitchen,North,COD,3864,1,0.0,3864.0,CUST239,8,Aug,0
ORD1663,2024-08-30,Electronics,North,UPI,32598,3,0.0,97794.0,CUST249,8,Aug,0
ORD1664,2024-08-30,Electronics,South,COD,16563,3,0.0,49689.0,CUST387,8,Aug,0
ORD1665,2024-08-30,Electronics,East,UPI,48790,4,0.0,195160.0,CUST228,8,Aug,0
ORD1666,2024-08-31,Electronics,North,Credit Card,13234,4,0.2,42348.8,CUST338,8,Aug,0
ORD1667,2024-08-31,Electronics,North,UPI,30519,2,0.05,57986.1,CUST157,8,Aug,0
ORD1668,2024-09-01,Electronics,West,COD,31966,4,0.0,127864.0,CUST297,9,Sep,0
ORD1669,2024-09-01,Clothing,South,COD,1649,4,0.1,5936.4,CUST310,9,Sep,0
ORD1670,2024-09-01,Electronics,South,Credit Card,21173,4,0.05,80457.4,CUST144,9,Sep,0
ORD1671,2024-09-02,Sports,East,COD,7070,4,0.0,28280.0,CUST196,9,Sep,1
ORD1672,2024-09-02,Electronics,South,UPI,29596,1,0.0,29596.0,CUST378,9,Sep,1
ORD1673,2024-09-02,Clothing,West,Credit Card,706,4,0.05,2682.8,CUST122,9,Sep,0
ORD1674,2024-09-03,Clothing,West,UPI,2966,1,0.1,2669.4,CUST143,9,Sep,0
ORD1675,2024-09-03,Sports,East,COD,9706,1,0.0,9706.0,CUST126,9,Sep,0
ORD1676,2024-09-03,Electronics,West,Credit Card,9431,4,0.0,37724.0,CUST381,9,Sep,0
ORD1677,2024-09-04,Clothing,North,UPI,2138,3,0.05,6093.3,CUST196,9,Sep,0
ORD1678,2024-09-04,Sports,North,COD,5743,1,0.0,5743.0,CUST135,9,Sep,0
ORD1679,2024-09-05,Sports,West,COD,7042,3,0.1,19013.4,CUST208,9,Sep,0
ORD1680,2024-09-05,Books,East,Debit Card,150,3,0.05,427.5,CUST154,9,Sep,0
ORD1681,2024-09-05,Clothing,South,COD,623,4,0.0,2492.0,CUST291,9,Sep,0
ORD1682,2024-09-06,Electronics,East,UPI,18076,2,0.2,28921.6,CUST318,9,Sep,0
ORD1683,2024-09-06,Home & Kitchen,South,Credit Card,640,4,0.1,2304.0,CUST284,9,Sep,0
ORD1684,2024-09-06,Sports,West,Debit Card,5382,2,0.0,10764.0,CUST168,9,Sep,0
ORD1685,2024-09-07,Home & Kitchen,West,COD,6421,2,0.05,12199.9,CUST229,9,Sep,0
ORD1686,2024-09-07,Home & Kitchen,North,COD,5953,4,0.1,21430.8,CUST154,9,Sep,0
ORD1687,2024-09-08,Clothing,South,COD,2216,4,0.1,7977.6,CUST196,9,Sep,0
ORD1688,2024-09-08,Books,East,UPI,472,2,0.0,944.0,CUST186,9,Sep,1
ORD1689,2024-09-08,Electronics,West,Debit Card,33211,4,0.2,106275.2,CUST393,9,Sep,1
ORD1690,2024-09-09,Clothing,East,UPI,2841,2,0.05,5397.9,CUST218,9,Sep,0
ORD1691,2024-09-09,Clothing,North,Debit Card,1992,3,0.0,5976.0,CUST307,9,Sep,0
ORD1692,2024-09-09,Clothing,South,Credit Card,1479,4,0.0,5916.0,CUST253,9,Sep,0
ORD1693,2024-09-10,Electronics,South,UPI,36010,3,0.0,108030.0,CUST134,9,Sep,0
ORD1694,2024-09-10,Electronics,West,UPI,47641,1,0.15,40494.85,CUST178,9,Sep,0
ORD1695,2024-09-10,Home & Kitchen,South,Credit Card,4597,3,0.0,13791.0,CUST166,9,Sep,0
ORD1696,2024-09-11,Clothing,West,Debit Card,2936,3,0.0,8808.0,CUST133,9,Sep,0
ORD1697,2024-09-11,Home & Kitchen,North,COD,7287,2,0.15,12387.9,CUST196,9,Sep,0
ORD1698,2024-09-12,Electronics,South,Credit Card,39905,3,0.0,119715.0,CUST268,9,Sep,0
ORD1699,2024-09-12,Clothing,West,COD,649,4,0.0,2596.0,CUST268,9,Sep,0
ORD1700,2024-09-12,Clothing,East,COD,1586,2,0.0,3172.0,CUST250,9,Sep,0
ORD1701,2024-09-13,Electronics,West,Credit Card,49139,1,0.0,49139.0,CUST170,9,Sep,0
ORD1702,2024-09-13,Clothing,South,Debit Card,1362,4,0.0,5448.0,CUST102,9,Sep,0
ORD1703,2024-09-13,Electronics,North,COD,12052,1,0.1,10846.8,CUST131,9,Sep,0
ORD1704,2024-09-14,Electronics,South,Credit Card,8654,3,0.0,25962.0,CUST386,9,Sep,0
ORD1705,2024-09-14,Sports,South,UPI,7602,4,0.0,30408.0,CUST181,9,Sep,1
ORD1706,2024-09-14,Clothing,West,UPI,2659,4,0.1,9572.4,CUST142,9,Sep,0
ORD1707,2024-09-15,Books,East,UPI,340,1,0.1,306.0,CUST204,9,Sep,0
ORD1708,2024-09-15,Clothing,South,Credit Card,744,4,0.05,2827.2,CUST100,9,Sep,0
ORD1709,2024-09-16,Home & Kitchen,East,UPI,6941,4,0.05,26375.8,CUST160,9,Sep,0
ORD1710,2024-09-16,Books,West,COD,135,4,0.0,540.0,CUST369,9,Sep,0
ORD1711,2024-09-16,Home & Kitchen,East,UPI,5703,3,0.05,16253.55,CUST279,9,Sep,0
ORD1712,2024-09-17,Clothing,West,UPI,1775,1,0.05,1686.25,CUST323,9,Sep,0
ORD1713,2024-09-17,Clothing,North,COD,2098,4,0.0,8392.0,CUST105,9,Sep,0
ORD1714,2024-09-17,Clothing,East,UPI,2145,2,0.2,3432.0,CUST202,9,Sep,0
ORD1715,2024-09-18,Sports,East,COD,5791,2,0.0,11582.0,CUST109,9,Sep,0
ORD1716,2024-09-18,Books,North,UPI,475,2,0.1,855.0,CUST170,9,Sep,0
ORD1717,2024-09-18,Sports,East,COD,6784,2,0.0,13568.0,CUST189,9,Sep,0
ORD1718,2024-09-19,Electronics,North,UPI,20222,3,0.1,54599.4,CUST325,9,Sep,0
ORD1719,2024-09-19,Home & Kitchen,South,COD,7785,4,0.1,28026.0,CUST257,9,Sep,0
ORD1720,2024-09-20,Sports,West,Credit Card,1800,1,0.15,1530.0,CUST327,9,Sep,0
ORD1721,2024-09-20,Electronics,North,COD,28253,4,0.0,113012.0,CUST225,9,Sep,0
ORD1722,2024-09-20,Electronics,East,UPI,14435,3,0.05,41139.75,CUST308,9,Sep,0
ORD1723,2024-09-21,Home & Kitchen,North,UPI,4476,2,0.05,8504.4,CUST196,9,Sep,0
ORD1724,2024-09-21,Home & Kitchen,East,Debit Card,3597,3,0.1,9711.9,CUST173,9,Sep,0
ORD1725,2024-09-21,Books,South,COD,620,4,0.05,2356.0,CUST214,9,Sep,0
ORD1726,2024-09-22,Electronics,North,Credit Card,21393,1,0.05,20323.35,CUST290,9,Sep,0
ORD1727,2024-09-22,Books,South,COD,477,3,0.05,1359.45,CUST269,9,Sep,0
ORD1728,2024-09-22,Electronics,West,COD,43520,1,0.0,43520.0,CUST303,9,Sep,0
ORD1729,2024-09-23,Electronics,East,Credit Card,14852,3,0.05,42328.2,CUST155,9,Sep,0
ORD1730,2024-09-23,Electronics,East,COD,36401,1,0.0,36401.0,CUST307,9,Sep,0
ORD1731,2024-09-24,Books,South,Credit Card,683,1,0.2,546.4,CUST140,9,Sep,0
ORD1732,2024-09-24,Home & Kitchen,West,Credit Card,6795,2,0.1,12231.0,CUST131,9,Sep,1
ORD1733,2024-09-24,Clothing,North,COD,1019,1,0.2,815.2,CUST114,9,Sep,0
ORD1734,2024-09-25,Clothing,North,COD,1372,2,0.0,2744.0,CUST161,9,Sep,0
ORD1735,2024-09-25,Sports,East,UPI,3725,4,0.15,12665.0,CUST254,9,Sep,0
ORD1736,2024-09-25,Clothing,South,UPI,1158,4,0.15,3937.2,CUST383,9,Sep,0
ORD1737,2024-09-26,Books,South,Debit Card,392,2,0.1,705.6,CUST308,9,Sep,0
ORD1738,2024-09-26,Clothing,North,Debit Card,1903,2,0.1,3425.4,CUST286,9,Sep,0
ORD1739,2024-09-27,Clothing,West,COD,349,3,0.0,1047.0,CUST229,9,Sep,0
ORD1740,2024-09-27,Clothing,West,Credit Card,2878,3,0.15,7338.9,CUST226,9,Sep,0
ORD1741,2024-09-27,Clothing,North,Debit Card,445,3,0.05,1268.25,CUST391,9,Sep,0
ORD1742,2024-09-28,Home & Kitchen,North,COD,5510,4,0.0,22040.0,CUST213,9,Sep,0
ORD1743,2024-09-28,Clothing,South,Debit Card,1762,3,0.0,5286.0,CUST298,9,Sep,0
ORD1744,2024-09-28,Electronics,West,Credit Card,31160,1,0.2,24928.0,CUST112,9,Sep,0
ORD1745,2024-09-29,Sports,North,COD,982,1,0.15,834.7,CUST370,9,Sep,0
ORD1746,2024-09-29,Clothing,North,Credit Card,1549,3,0.2,3717.6,CUST188,9,Sep,0
ORD1747,2024-09-29,Clothing,East,COD,972,1,0.1,874.8,CUST314,9,Sep,0
ORD1748,2024-09-30,Sports,North,Debit Card,1130,4,0.0,4520.0,CUST377,9,Sep,0
ORD1749,2024-09-30,Home & Kitchen,North,UPI,7304,1,0.0,7304.0,CUST302,9,Sep,0
ORD1750,2024-10-01,Electronics,West,Debit Card,46621,4,0.0,186484.0,CUST173,10,Oct,0
ORD1751,2024-10-01,Sports,South,Debit Card,3352,2,0.0,6704.0,CUST124,10,Oct,0
ORD1752,2024-10-01,Home & Kitchen,West,UPI,2966,2,0.0,5932.0,CUST200,10,Oct,0
ORD1753,2024-10-02,Clothing,South,UPI,1287,2,0.0,2574.0,CUST275,10,Oct,0
ORD1754,2024-10-02,Electronics,East,COD,45390,2,0.05,86241.0,CUST216,10,Oct,0
ORD1755,2024-10-02,Books,North,COD,259,1,0.2,207.2,CUST265,10,Oct,0
ORD1756,2024-10-03,Home & Kitchen,East,Credit Card,2046,3,0.05,5831.1,CUST140,10,Oct,0
ORD1757,2024-10-03,Clothing,South,Credit Card,949,1,0.15,806.65,CUST219,10,Oct,0
ORD1758,2024-10-03,Sports,West,Debit Card,9660,4,0.1,34776.0,CUST196,10,Oct,0
ORD1759,2024-10-04,Books,West,UPI,689,1,0.0,689.0,CUST244,10,Oct,1
ORD1760,2024-10-04,Electronics,East,Credit Card,44420,1,0.0,44420.0,CUST315,10,Oct,0
ORD1761,2024-10-05,Clothing,South,Debit Card,740,4,0.0,2960.0,CUST328,10,Oct,0
ORD1762,2024-10-05,Electronics,East,UPI,12421,2,0.0,24842.0,CUST229,10,Oct,0
ORD1763,2024-10-05,Home & Kitchen,East,COD,5516,2,0.1,9928.8,CUST236,10,Oct,0
ORD1764,2024-10-06,Electronics,North,Debit Card,38537,2,0.0,77074.0,CUST372,10,Oct,0
ORD1765,2024-10-06,Home & Kitchen,East,COD,1843,3,0.0,5529.0,CUST216,10,Oct,0
ORD1766,2024-10-06,Books,North,Credit Card,362,4,0.0,1448.0,CUST193,10,Oct,1
ORD1767,2024-10-07,Sports,North,Credit Card,7280,4,0.2,23296.0,CUST267,10,Oct,0
ORD1768,2024-10-07,Clothing,West,UPI,2806,1,0.1,2525.4,CUST302,10,Oct,0
ORD1769,2024-10-07,Books,North,Debit Card,379,3,0.1,1023.3,CUST248,10,Oct,0
ORD1770,2024-10-08,Electronics,North,COD,34371,2,0.0,68742.0,CUST282,10,Oct,0
ORD1771,2024-10-08,Books,West,UPI,401,3,0.1,1082.7,CUST251,10,Oct,0
ORD1772,2024-10-09,Electronics,East,Credit Card,43467,4,0.1,156481.2,CUST173,10,Oct,0
ORD1773,2024-10-09,Clothing,South,Credit Card,1541,4,0.1,5547.6,CUST373,10,Oct,0
ORD1774,2024-10-09,Books,South,Debit Card,201,1,0.2,160.8,CUST141,10,Oct,0
ORD1775,2024-10-10,Electronics,South,COD,15793,1,0.0,15793.0,CUST311,10,Oct,0
ORD1776,2024-10-10,Electronics,East,Debit Card,36007,4,0.2,115222.4,CUST200,10,Oct,1
ORD1777,2024-10-10,Home & Kitchen,North,COD,1690,2,0.2,2704.0,CUST144,10,Oct,0
ORD1778,2024-10-11,Home & Kitchen,South,COD,7264,2,0.0,14528.0,CUST181,10,Oct,0
ORD1779,2024-10-11,Home & Kitchen,East,Debit Card,5601,3,0.05,15962.85,CUST116,10,Oct,0
ORD1780,2024-10-11,Home & Kitchen,North,UPI,4631,4,0.2,14819.2,CUST172,10,Oct,0
ORD1781,2024-10-12,Clothing,West,Debit Card,1043,4,0.0,4172.0,CUST113,10,Oct,0
ORD1782,2024-10-12,Clothing,South,Debit Card,2064,2,0.05,3921.6,CUST256,10,Oct,0
ORD1783,2024-10-13,Clothing,North,Credit Card,652,2,0.2,1043.2,CUST322,10,Oct,0
ORD1784,2024-10-13,Electronics,South,Credit Card,12843,4,0.05,48803.4,CUST231,10,Oct,0
ORD1785,2024-10-13,Sports,South,Debit Card,572,1,0.0,572.0,CUST146,10,Oct,0
ORD1786,2024-10-14,Home & Kitchen,South,Debit Card,7291,4,0.05,27705.8,CUST206,10,Oct,0
ORD1787,2024-10-14,Clothing,North,Credit Card,1676,4,0.0,6704.0,CUST207,10,Oct,0
ORD1788,2024-10-14,Clothing,East,COD,2214,2,0.05,4206.6,CUST364,10,Oct,0
ORD1789,2024-10-15,Sports,North,Debit Card,5689,2,0.0,11378.0,CUST304,10,Oct,0
ORD1790,2024-10-15,Electronics,South,UPI,7472,1,0.1,6724.8,CUST178,10,Oct,0
ORD1791,2024-10-16,Home & Kitchen,North,UPI,3546,1,0.05,3368.7,CUST254,10,Oct,0
ORD1792,2024-10-16,Clothing,West,UPI,1007,3,0.1,2718.9,CUST370,10,Oct,0
ORD1793,2024-10-16,Home & Kitchen,East,Debit Card,2304,4,0.1,8294.4,CUST346,10,Oct,0
ORD1794,2024-10-17,Electronics,North,COD,11704,2,0.05,22237.6,CUST118,10,Oct,0
ORD1795,2024-10-17,Sports,West,COD,4213,1,0.1,3791.7,CUST125,10,Oct,0
ORD1796,2024-10-17,Sports,East,Credit Card,5551,3,0.0,16653.0,CUST316,10,Oct,0
ORD1797,2024-10-18,Home & Kitchen,West,Debit Card,3064,3,0.05,8732.4,CUST253,10,Oct,0
ORD1798,2024-10-18,Home & Kitchen,East,COD,2975,2,0.0,5950.0,CUST253,10,Oct,0
ORD1799,2024-10-18,Sports,North,Debit Card,4110,2,0.2,6576.0,CUST273,10,Oct,0
ORD1800,2024-10-19,Home & Kitchen,West,Credit Card,4755,3,0.0,14265.0,CUST191,10,Oct,0
ORD1801,2024-10-19,Electronics,South,Credit Card,19484,1,0.05,18509.8,CUST280,10,Oct,0
ORD1802,2024-10-20,Home & Kitchen,West,Credit Card,3323,3,0.1,8972.1,CUST230,10,Oct,0
ORD1803,2024-10-20,Home & Kitchen,East,UPI,7897,4,0.05,30008.6,CUST397,10,Oct,0
ORD1804,2024-10-20,Clothing,North,Debit Card,2035,4,0.0,8140.0,CUST374,10,Oct,0
ORD1805,2024-10-21,Home & Kitchen,East,Credit Card,2085,2,0.05,3961.5,CUST372,10,Oct,0
ORD1806,2024-10-21,Sports,West,Debit Card,8758,1,0.1,7882.2,CUST175,10,Oct,0
ORD1807,2024-10-21,Sports,West,UPI,8479,1,0.1,7631.1,CUST276,10,Oct,0
ORD1808,2024-10-22,Clothing,South,UPI,2728,4,0.0,10912.0,CUST283,10,Oct,1
ORD1809,2024-10-22,Electronics,North,Credit Card,45194,3,0.05,128802.9,CUST230,10,Oct,0
ORD1810,2024-10-22,Sports,North,Credit Card,9033,2,0.05,17162.7,CUST148,10,Oct,0
ORD1811,2024-10-23,Books,West,COD,229,3,0.1,618.3,CUST154,10,Oct,0
ORD1812,2024-10-23,Electronics,North,Debit Card,24201,3,0.05,68972.85,CUST253,10,Oct,0
ORD1813,2024-10-24,Sports,South,Credit Card,9924,3,0.05,28283.4,CUST299,10,Oct,1
ORD1814,2024-10-24,Sports,East,COD,4374,1,0.0,4374.0,CUST217,10,Oct,0
ORD1815,2024-10-24,Clothing,North,Debit Card,2701,4,0.0,10804.0,CUST362,10,Oct,0
ORD1816,2024-10-25,Home & Kitchen,West,Credit Card,1994,1,0.0,1994.0,CUST145,10,Oct,0
ORD1817,2024-10-25,Clothing,East,COD,2121,4,0.0,8484.0,CUST288,10,Oct,0
ORD1818,2024-10-25,Electronics,East,COD,37007,2,0.05,70313.3,CUST228,10,Oct,0
ORD1819,2024-10-26,Clothing,South,Debit Card,961,2,0.1,1729.8,CUST148,10,Oct,0
ORD1820,2024-10-26,Books,West,COD,541,3,0.0,1623.0,CUST124,10,Oct,1
ORD1821,2024-10-26,Electronics,North,Debit Card,47828,4,0.2,153049.6,CUST365,10,Oct,1
ORD1822,2024-10-27,Clothing,West,Debit Card,2634,4,0.0,10536.0,CUST217,10,Oct,0
ORD1823,2024-10-27,Clothing,East,Debit Card,1316,4,0.1,4737.6,CUST243,10,Oct,0
ORD1824,2024-10-28,Clothing,West,UPI,610,3,0.1,1647.0,CUST299,10,Oct,0
ORD1825,2024-10-28,Sports,North,COD,707,3,0.0,2121.0,CUST256,10,Oct,0
ORD1826,2024-10-28,Clothing,North,Debit Card,2965,2,0.0,5930.0,CUST233,10,Oct,0
ORD1827,2024-10-29,Clothing,South,Credit Card,2793,1,0.1,2513.7,CUST247,10,Oct,0
ORD1828,2024-10-29,Home & Kitchen,North,UPI,7313,4,0.0,29252.0,CUST170,10,Oct,0
ORD1829,2024-10-29,Clothing,North,UPI,932,4,0.2,2982.4,CUST332,10,Oct,0
ORD1830,2024-10-30,Electronics,West,COD,8083,1,0.05,7678.85,CUST398,10,Oct,0
ORD1831,2024-10-30,Clothing,West,Debit Card,956,4,0.2,3059.2,CUST253,10,Oct,1
ORD1832,2024-10-30,Electronics,East,COD,47891,3,0.0,143673.0,CUST189,10,Oct,1
ORD1833,2024-10-31,Electronics,South,UPI,25103,3,0.1,67778.1,CUST298,10,Oct,0
ORD1834,2024-10-31,Clothing,West,Debit Card,2862,4,0.1,10303.2,CUST260,10,Oct,0
ORD1835,2024-11-01,Clothing,North,Credit Card,1979,3,0.1,5343.3,CUST125,11,Nov,1
ORD1836,2024-11-01,Sports,East,Debit Card,736,3,0.0,2208.0,CUST220,11,Nov,0
ORD1837,2024-11-01,Clothing,West,UPI,647,4,0.1,2329.2,CUST311,11,Nov,0
ORD1838,2024-11-02,Home & Kitchen,South,Credit Card,7270,2,0.05,13813.0,CUST162,11,Nov,0
ORD1839,2024-11-02,Home & Kitchen,South,Debit Card,7771,1,0.1,6993.9,CUST167,11,Nov,0
ORD1840,2024-11-02,Electronics,East,Credit Card,34301,3,0.0,102903.0,CUST352,11,Nov,0
ORD1841,2024-11-03,Home & Kitchen,East,Credit Card,2040,2,0.15,3468.0,CUST101,11,Nov,0
ORD1842,2024-11-03,Electronics,East,UPI,46323,3,0.0,138969.0,CUST207,11,Nov,0
ORD1843,2024-11-04,Sports,East,Credit Card,2868,3,0.15,7313.4,CUST385,11,Nov,0
ORD1844,2024-11-04,Electronics,East,COD,37376,1,0.15,31769.6,CUST148,11,Nov,1
ORD1845,2024-11-04,Clothing,North,UPI,585,3,0.15,1491.75,CUST239,11,Nov,0
ORD1846,2024-11-05,Electronics,North,COD,37916,1,0.05,36020.2,CUST317,11,Nov,0
ORD1847,2024-11-05,Sports,West,Credit Card,4537,1,0.05,4310.15,CUST143,11,Nov,0
ORD1848,2024-11-05,Clothing,South,COD,2753,1,0.2,2202.4,CUST368,11,Nov,0
ORD1849,2024-11-06,Home & Kitchen,North,Debit Card,7621,2,0.0,15242.0,CUST177,11,Nov,0
ORD1850,2024-11-06,Electronics,North,Credit Card,31342,4,0.05,119099.6,CUST315,11,Nov,1
ORD1851,2024-11-06,Home & Kitchen,North,Debit Card,5395,2,0.1,9711.0,CUST197,11,Nov,0
ORD1852,2024-11-07,Electronics,West,COD,16023,4,0.1,57682.8,CUST335,11,Nov,0
ORD1853,2024-11-07,Sports,East,Debit Card,3285,4,0.0,13140.0,CUST381,11,Nov,0
ORD1854,2024-11-08,Electronics,West,Credit Card,21163,1,0.1,19046.7,CUST248,11,Nov,0
ORD1855,2024-11-08,Electronics,South,Debit Card,10782,3,0.15,27494.1,CUST165,11,Nov,0
ORD1856,2024-11-08,Electronics,South,COD,27641,1,0.0,27641.0,CUST333,11,Nov,1
ORD1857,2024-11-09,Clothing,South,COD,1901,3,0.2,4562.4,CUST186,11,Nov,0
ORD1858,2024-11-09,Home & Kitchen,South,COD,2908,4,0.0,11632.0,CUST178,11,Nov,0
ORD1859,2024-11-09,Electronics,North,Credit Card,40585,1,0.0,40585.0,CUST304,11,Nov,1
ORD1860,2024-11-10,Books,North,COD,548,3,0.0,1644.0,CUST378,11,Nov,0
ORD1861,2024-11-10,Clothing,West,Credit Card,2166,2,0.0,4332.0,CUST353,11,Nov,0
ORD1862,2024-11-10,Clothing,East,Debit Card,1134,3,0.2,2721.6,CUST229,11,Nov,0
ORD1863,2024-11-11,Clothing,South,COD,1503,1,0.0,1503.0,CUST183,11,Nov,0
ORD1864,2024-11-11,Clothing,West,Debit Card,2025,2,0.05,3847.5,CUST375,11,Nov,0
ORD1865,2024-11-12,Home & Kitchen,North,UPI,2189,3,0.0,6567.0,CUST286,11,Nov,0
ORD1866,2024-11-12,Electronics,North,Debit Card,41035,3,0.05,116949.75,CUST145,11,Nov,0
ORD1867,2024-11-12,Electronics,East,UPI,42174,3,0.05,120195.9,CUST282,11,Nov,0
ORD1868,2024-11-13,Sports,East,Debit Card,8953,3,0.0,26859.0,CUST367,11,Nov,0
ORD1869,2024-11-13,Sports,East,Credit Card,1942,3,0.0,5826.0,CUST395,11,Nov,0
ORD1870,2024-11-13,Clothing,West,Debit Card,705,2,0.15,1198.5,CUST199,11,Nov,0
ORD1871,2024-11-14,Clothing,North,Credit Card,2490,4,0.0,9960.0,CUST177,11,Nov,0
ORD1872,2024-11-14,Home & Kitchen,North,Credit Card,4937,2,0.05,9380.3,CUST371,11,Nov,0
ORD1873,2024-11-14,Clothing,East,COD,1639,2,0.0,3278.0,CUST261,11,Nov,0
ORD1874,2024-11-15,Electronics,South,Credit Card,29819,2,0.1,53674.2,CUST143,11,Nov,0
ORD1875,2024-11-15,Electronics,East,UPI,41875,4,0.0,167500.0,CUST337,11,Nov,0
ORD1876,2024-11-16,Home & Kitchen,West,COD,7906,1,0.05,7510.7,CUST233,11,Nov,0
ORD1877,2024-11-16,Home & Kitchen,East,COD,1060,4,0.0,4240.0,CUST291,11,Nov,0
ORD1878,2024-11-16,Electronics,East,Debit Card,17329,2,0.2,27726.4,CUST377,11,Nov,0
ORD1879,2024-11-17,Electronics,West,Credit Card,30169,3,0.0,90507.0,CUST117,11,Nov,0
ORD1880,2024-11-17,Electronics,East,Credit Card,26932,3,0.1,72716.4,CUST111,11,Nov,0
ORD1881,2024-11-17,Home & Kitchen,North,UPI,2326,2,0.05,4419.4,CUST279,11,Nov,1
ORD1882,2024-11-18,Electronics,South,Debit Card,16421,3,0.0,49263.0,CUST222,11,Nov,0
ORD1883,2024-11-18,Electronics,East,Debit Card,12629,2,0.1,22732.2,CUST345,11,Nov,1
ORD1884,2024-11-18,Books,West,COD,233,3,0.0,699.0,CUST321,11,Nov,0
ORD1885,2024-11-19,Electronics,South,COD,33495,4,0.15,113883.0,CUST150,11,Nov,0
ORD1886,2024-11-19,Home & Kitchen,West,COD,7674,1,0.2,6139.2,CUST170,11,Nov,0
ORD1887,2024-11-20,Electronics,South,UPI,34619,1,0.15,29426.15,CUST147,11,Nov,1
ORD1888,2024-11-20,Electronics,South,UPI,45461,4,0.0,181844.0,CUST118,11,Nov,0
ORD1889,2024-11-20,Electronics,East,COD,13264,4,0.1,47750.4,CUST361,11,Nov,0
ORD1890,2024-11-21,Home & Kitchen,North,Debit Card,4994,2,0.05,9488.6,CUST183,11,Nov,1
ORD1891,2024-11-21,Sports,East,UPI,8342,2,0.15,14181.4,CUST254,11,Nov,0
ORD1892,2024-11-21,Books,West,Debit Card,677,2,0.1,1218.6,CUST152,11,Nov,0
ORD1893,2024-11-22,Clothing,West,Debit Card,429,3,0.15,1093.95,CUST206,11,Nov,0
ORD1894,2024-11-22,Home & Kitchen,South,Credit Card,3478,2,0.05,6608.2,CUST234,11,Nov,0
ORD1895,2024-11-23,Electronics,South,COD,12373,4,0.05,47017.4,CUST168,11,Nov,0
ORD1896,2024-11-23,Clothing,North,Credit Card,2111,1,0.0,2111.0,CUST110,11,Nov,0
ORD1897,2024-11-23,Sports,East,COD,6597,3,0.1,17811.9,CUST242,11,Nov,0
ORD1898,2024-11-24,Electronics,West,COD,33937,2,0.05,64480.3,CUST291,11,Nov,0
ORD1899,2024-11-24,Electronics,South,Debit Card,10656,3,0.05,30369.6,CUST168,11,Nov,1
ORD1900,2024-11-24,Electronics,North,COD,13984,3,0.1,37756.8,CUST122,11,Nov,0
ORD1901,2024-11-25,Electronics,West,Debit Card,34984,2,0.05,66469.6,CUST280,11,Nov,0
ORD1902,2024-11-25,Electronics,South,Debit Card,13286,3,0.0,39858.0,CUST392,11,Nov,0
ORD1903,2024-11-25,Home & Kitchen,West,COD,6401,1,0.05,6080.95,CUST108,11,Nov,0
ORD1904,2024-11-26,Clothing,North,Debit Card,1433,4,0.05,5445.4,CUST370,11,Nov,0
ORD1905,2024-11-26,Sports,North,Debit Card,5417,4,0.05,20584.6,CUST192,11,Nov,0
ORD1906,2024-11-27,Books,West,Debit Card,337,1,0.0,337.0,CUST116,11,Nov,0
ORD1907,2024-11-27,Clothing,East,UPI,2728,3,0.0,8184.0,CUST253,11,Nov,0
ORD1908,2024-11-27,Clothing,West,Debit Card,2830,2,0.0,5660.0,CUST248,11,Nov,0
ORD1909,2024-11-28,Clothing,South,UPI,2260,3,0.1,6102.0,CUST366,11,Nov,0
ORD1910,2024-11-28,Home & Kitchen,East,UPI,7545,1,0.0,7545.0,CUST205,11,Nov,0
ORD1911,2024-11-28,Clothing,South,Debit Card,1348,3,0.05,3841.8,CUST134,11,Nov,0
ORD1912,2024-11-29,Home & Kitchen,West,Debit Card,6272,4,0.2,20070.4,CUST218,11,Nov,0
ORD1913,2024-11-29,Clothing,East,UPI,2829,3,0.0,8487.0,CUST113,11,Nov,0
ORD1914,2024-11-29,Home & Kitchen,South,UPI,3464,1,0.05,3290.8,CUST113,11,Nov,0
ORD1915,2024-11-30,Clothing,West,Debit Card,1263,4,0.1,4546.8,CUST365,11,Nov,0
ORD1916,2024-11-30,Clothing,West,Debit Card,836,3,0.2,2006.4,CUST239,11,Nov,0
ORD1917,2024-12-01,Sports,East,COD,7840,3,0.1,21168.0,CUST393,12,Dec,0
ORD1918,2024-12-01,Books,West,UPI,111,4,0.1,399.6,CUST218,12,Dec,0
ORD1919,2024-12-01,Electronics,North,UPI,12967,2,0.15,22043.9,CUST337,12,Dec,0
ORD1920,2024-12-02,Sports,South,COD,9234,4,0.05,35089.2,CUST133,12,Dec,0
ORD1921,2024-12-02,Clothing,South,UPI,1145,2,0.15,1946.5,CUST268,12,Dec,1
ORD1922,2024-12-02,Sports,West,Credit Card,6277,1,0.0,6277.0,CUST109,12,Dec,0
ORD1923,2024-12-03,Books,West,UPI,546,1,0.2,436.8,CUST221,12,Dec,0
ORD1924,2024-12-03,Clothing,North,COD,689,4,0.05,2618.2,CUST244,12,Dec,0
ORD1925,2024-12-03,Electronics,East,Credit Card,23268,4,0.05,88418.4,CUST322,12,Dec,0
ORD1926,2024-12-04,Clothing,West,Debit Card,342,1,0.0,342.0,CUST356,12,Dec,0
ORD1927,2024-12-04,Clothing,West,COD,553,2,0.1,995.4,CUST367,12,Dec,0
ORD1928,2024-12-05,Home & Kitchen,West,COD,3701,1,0.0,3701.0,CUST103,12,Dec,0
ORD1929,2024-12-05,Clothing,West,Debit Card,1383,4,0.15,4702.2,CUST205,12,Dec,0
ORD1930,2024-12-05,Electronics,South,COD,32286,1,0.15,27443.1,CUST184,12,Dec,0
ORD1931,2024-12-06,Books,West,UPI,566,4,0.0,2264.0,CUST313,12,Dec,1
ORD1932,2024-12-06,Sports,South,Debit Card,6930,4,0.15,23562.0,CUST220,12,Dec,0
ORD1933,2024-12-06,Clothing,West,COD,1840,1,0.1,1656.0,CUST231,12,Dec,0
ORD1934,2024-12-07,Electronics,East,Debit Card,47913,2,0.1,86243.4,CUST296,12,Dec,0
ORD1935,2024-12-07,Clothing,North,Debit Card,2692,3,0.0,8076.0,CUST118,12,Dec,0
ORD1936,2024-12-07,Electronics,East,Debit Card,41618,1,0.0,41618.0,CUST229,12,Dec,0
ORD1937,2024-12-08,Sports,West,Credit Card,1189,3,0.0,3567.0,CUST111,12,Dec,0
ORD1938,2024-12-08,Electronics,West,COD,31526,1,0.0,31526.0,CUST180,12,Dec,0
ORD1939,2024-12-09,Home & Kitchen,West,Credit Card,5675,3,0.2,13620.0,CUST361,12,Dec,1
ORD1940,2024-12-09,Clothing,East,COD,1786,2,0.0,3572.0,CUST224,12,Dec,0
ORD1941,2024-12-09,Home & Kitchen,West,UPI,956,2,0.15,1625.2,CUST366,12,Dec,0
ORD1942,2024-12-10,Home & Kitchen,East,UPI,5578,1,0.0,5578.0,CUST239,12,Dec,0
ORD1943,2024-12-10,Books,South,UPI,182,4,0.05,691.6,CUST101,12,Dec,0
ORD1944,2024-12-10,Electronics,North,COD,49936,3,0.1,134827.2,CUST107,12,Dec,0
ORD1945,2024-12-11,Electronics,North,Debit Card,34794,4,0.15,118299.6,CUST349,12,Dec,0
ORD1946,2024-12-11,Electronics,East,Debit Card,10448,4,0.0,41792.0,CUST238,12,Dec,0
ORD1947,2024-12-12,Sports,South,Credit Card,1679,4,0.05,6380.2,CUST223,12,Dec,0
ORD1948,2024-12-12,Sports,East,Credit Card,9574,2,0.05,18190.6,CUST327,12,Dec,0
ORD1949,2024-12-12,Home & Kitchen,South,UPI,6906,1,0.0,6906.0,CUST109,12,Dec,0
ORD1950,2024-12-13,Home & Kitchen,West,Credit Card,7747,1,0.0,7747.0,CUST311,12,Dec,0
ORD1951,2024-12-13,Home & Kitchen,South,COD,899,2,0.05,1708.1,CUST211,12,Dec,0
ORD1952,2024-12-13,Electronics,South,COD,28291,2,0.05,53752.9,CUST107,12,Dec,0
ORD1953,2024-12-14,Sports,South,Credit Card,9300,1,0.1,8370.0,CUST391,12,Dec,0
ORD1954,2024-12-14,Clothing,North,Credit Card,2095,4,0.0,8380.0,CUST352,12,Dec,0
ORD1955,2024-12-14,Clothing,South,Credit Card,1938,3,0.05,5523.3,CUST113,12,Dec,0
ORD1956,2024-12-15,Clothing,West,Credit Card,1875,3,0.05,5343.75,CUST339,12,Dec,0
ORD1957,2024-12-15,Electronics,West,UPI,28312,3,0.1,76442.4,CUST341,12,Dec,0
ORD1958,2024-12-16,Electronics,West,UPI,48108,4,0.15,163567.2,CUST248,12,Dec,0
ORD1959,2024-12-16,Home & Kitchen,South,Credit Card,1882,1,0.05,1787.9,CUST335,12,Dec,0
ORD1960,2024-12-16,Electronics,East,COD,39171,2,0.1,70507.8,CUST266,12,Dec,0
ORD1961,2024-12-17,Home & Kitchen,East,UPI,1319,1,0.0,1319.0,CUST119,12,Dec,0
ORD1962,2024-12-17,Electronics,West,COD,8292,4,0.05,31509.6,CUST315,12,Dec,0
ORD1963,2024-12-17,Clothing,North,Debit Card,1119,2,0.0,2238.0,CUST234,12,Dec,0
ORD1964,2024-12-18,Clothing,East,COD,719,4,0.05,2732.2,CUST228,12,Dec,0
ORD1965,2024-12-18,Clothing,South,Credit Card,423,3,0.1,1142.1,CUST393,12,Dec,0
ORD1966,2024-12-18,Home & Kitchen,East,Debit Card,5017,3,0.15,12793.35,CUST345,12,Dec,0
ORD1967,2024-12-19,Clothing,West,UPI,1808,4,0.0,7232.0,CUST288,12,Dec,0
ORD1968,2024-12-19,Home & Kitchen,North,UPI,6193,2,0.1,11147.4,CUST143,12,Dec,0
ORD1969,2024-12-20,Clothing,East,Debit Card,1067,2,0.05,2027.3,CUST185,12,Dec,0
ORD1970,2024-12-20,Home & Kitchen,East,COD,2544,1,0.0,2544.0,CUST143,12,Dec,1
ORD1971,2024-12-20,Sports,West,UPI,2049,3,0.0,6147.0,CUST244,12,Dec,0
ORD1972,2024-12-21,Home & Kitchen,North,Credit Card,7098,1,0.0,7098.0,CUST150,12,Dec,0
ORD1973,2024-12-21,Electronics,North,Debit Card,14956,1,0.0,14956.0,CUST341,12,Dec,0
ORD1974,2024-12-21,Electronics,West,Credit Card,43908,4,0.0,175632.0,CUST393,12,Dec,0
ORD1975,2024-12-22,Clothing,South,Debit Card,2945,4,0.0,11780.0,CUST150,12,Dec,0
ORD1976,2024-12-22,Home & Kitchen,East,UPI,4216,1,0.0,4216.0,CUST365,12,Dec,0
ORD1977,2024-12-22,Electronics,South,COD,9481,3,0.1,25598.7,CUST219,12,Dec,1
ORD1978,2024-12-23,Clothing,East,Debit Card,1897,4,0.05,7208.6,CUST299,12,Dec,0
ORD1979,2024-12-23,Home & Kitchen,East,Debit Card,7048,1,0.2,5638.4,CUST347,12,Dec,0
ORD1980,2024-12-24,Clothing,South,Credit Card,2593,1,0.05,2463.35,CUST169,12,Dec,0
ORD1981,2024-12-24,Books,West,UPI,690,1,0.1,621.0,CUST156,12,Dec,0
ORD1982,2024-12-24,Electronics,West,Credit Card,48668,1,0.15,41367.8,CUST138,12,Dec,0
ORD1983,2024-12-25,Electronics,East,UPI,28177,1,0.1,25359.3,CUST388,12,Dec,0
ORD1984,2024-12-25,Home & Kitchen,West,Credit Card,6507,1,0.05,6181.65,CUST117,12,Dec,0
ORD1985,2024-12-25,Clothing,East,Debit Card,1746,4,0.1,6285.6,CUST319,12,Dec,0
ORD1986,2024-12-26,Home & Kitchen,West,Credit Card,1400,3,0.0,4200.0,CUST343,12,Dec,0
ORD1987,2024-12-26,Clothing,East,COD,2412,1,0.0,2412.0,CUST397,12,Dec,0
ORD1988,2024-12-26,Electronics,West,UPI,27740,2,0.05,52706.0,CUST382,12,Dec,0
ORD1989,2024-12-27,Books,North,UPI,341,4,0.05,1295.8,CUST173,12,Dec,0
ORD1990,2024-12-27,Books,South,Debit Card,592,4,0.0,2368.0,CUST209,12,Dec,0
ORD1991,2024-12-28,Home & Kitchen,North,UPI,7880,1,0.2,6304.0,CUST279,12,Dec,0
ORD1992,2024-12-28,Clothing,South,COD,2685,4,0.1,9666.0,CUST131,12,Dec,0
ORD1993,2024-12-28,Home & Kitchen,South,Credit Card,6616,1,0.05,6285.2,CUST333,12,Dec,0
ORD1994,2024-12-29,Clothing,East,Debit Card,472,3,0.2,1132.8,CUST381,12,Dec,0
ORD1995,2024-12-29,Electronics,South,COD,5671,3,0.05,16162.35,CUST124,12,Dec,0
ORD1996,2024-12-29,Sports,North,UPI,663,4,0.2,2121.6,CUST378,12,Dec,0
ORD1997,2024-12-30,Electronics,North,UPI,46424,4,0.05,176411.2,CUST325,12,Dec,0
ORD1998,2024-12-30,Sports,West,COD,5092,2,0.0,10184.0,CUST156,12,Dec,0
ORD1999,2024-12-31,Clothing,North,Credit Card,999,4,0.1,3596.4,CUST279,12,Dec,0
